run_name,model,problem,algorithm,reward,penalty,temperature,prompt,noise,final_r2,best_r2,final_loss,valid_rate
run-20260223_131039-e7rotpl3,augustocsc/gpt2_base_infix_682k,nguyen_1,best_of_n,,,cosine_annealing,distractor,0.0,0,0.0,0,0
run-20260223_131118-9vmu5pea,augustocsc/gpt2_base_infix_682k,nguyen_1,best_of_n,,,cosine_annealing,distractor,0.01,0,0.0,0,0
run-20260223_131129-zc22iaod,augustocsc/gpt2_base_infix_682k,nguyen_1,best_of_n,,,cosine_annealing,distractor,0.05,0,0.0,0,0
run-20260223_131141-fjojlrjp,augustocsc/gpt2_base_infix_682k,nguyen_1,best_of_n,,,cosine_annealing,distractor,0.1,0,0.0,0,0
run-20260223_131152-aly5he1j,augustocsc/gpt2_base_infix_682k,nguyen_1,best_of_n,,,cosine_annealing,oracle,0.0,0,0.0,0,0
run-20260223_131203-9j9t72b2,augustocsc/gpt2_base_infix_682k,nguyen_1,best_of_n,,,cosine_annealing,oracle,0.01,0,0.0,0,0
run-20260223_131215-o9nydmq2,augustocsc/gpt2_base_infix_682k,nguyen_1,best_of_n,,,cosine_annealing,oracle,0.05,0,0.0,0,0
run-20260223_131226-60g53283,augustocsc/gpt2_base_infix_682k,nguyen_1,best_of_n,,,cosine_annealing,oracle,0.1,0,0.0,0,0
run-20260223_131238-rnsndqnx,augustocsc/gpt2_base_infix_682k,nguyen_1,best_of_n,,,cosine_annealing,standard,0.0,0,0.0,0,0
run-20260223_131249-h79wk6ja,augustocsc/gpt2_base_infix_682k,nguyen_1,best_of_n,,,cosine_annealing,standard,0.01,0,0.0,0,0
run-20260223_131301-m55q6i04,augustocsc/gpt2_base_infix_682k,nguyen_1,best_of_n,,,cosine_annealing,standard,0.05,0,0.0,0,0
run-20260223_131313-4787zlbj,augustocsc/gpt2_base_infix_682k,nguyen_1,best_of_n,,,cosine_annealing,standard,0.1,0,0.0,0,0
run-20260223_131324-xuk8iutn,augustocsc/gpt2_base_infix_682k,nguyen_1,best_of_n,,,fixed_0.7,distractor,0.0,0,0.0,0,0
run-20260223_131336-ofieozaz,augustocsc/gpt2_base_infix_682k,nguyen_1,best_of_n,,,fixed_0.7,distractor,0.01,0,0.0,0,0
run-20260223_131348-jzr0e0lv,augustocsc/gpt2_base_infix_682k,nguyen_1,best_of_n,,,fixed_0.7,distractor,0.05,0,0.0,0,0
run-20260223_131359-20ho3io3,augustocsc/gpt2_base_infix_682k,nguyen_1,best_of_n,,,fixed_0.7,distractor,0.1,0,0.0,0,0
run-20260223_131410-eemh99zf,augustocsc/gpt2_base_infix_682k,nguyen_1,best_of_n,,,fixed_0.7,oracle,0.0,0,0.0,0,0
run-20260223_131421-f5frpy4w,augustocsc/gpt2_base_infix_682k,nguyen_1,best_of_n,,,fixed_0.7,oracle,0.01,0,0.0,0,0
run-20260223_131433-eqrr2xil,augustocsc/gpt2_base_infix_682k,nguyen_1,best_of_n,,,fixed_0.7,oracle,0.05,0,0.0,0,0
run-20260223_131444-fmmdeqf0,augustocsc/gpt2_base_infix_682k,nguyen_1,best_of_n,,,fixed_0.7,oracle,0.1,0,0.0,0,0
run-20260223_131456-kudmr6lo,augustocsc/gpt2_base_infix_682k,nguyen_1,best_of_n,,,fixed_0.7,standard,0.0,0,0.0,0,0
run-20260223_131507-kqqorpo2,augustocsc/gpt2_base_infix_682k,nguyen_1,best_of_n,,,fixed_0.7,standard,0.01,0,0.0,0,0
run-20260223_131519-z27p1e1s,augustocsc/gpt2_base_infix_682k,nguyen_1,best_of_n,,,fixed_0.7,standard,0.05,0,0.0,0,0
run-20260223_131530-yix34bxb,augustocsc/gpt2_base_infix_682k,nguyen_1,best_of_n,,,fixed_0.7,standard,0.1,0,0.0,0,0
run-20260223_131542-yfjnjw4j,augustocsc/gpt2_base_infix_682k,nguyen_1,best_of_n,,,fixed_0.9,distractor,0.0,0,0.0,0,0
run-20260223_131553-0lkn7zhv,augustocsc/gpt2_base_infix_682k,nguyen_1,best_of_n,,,fixed_0.9,distractor,0.01,0,0.0,0,0
run-20260223_131605-q3hl8jjk,augustocsc/gpt2_base_infix_682k,nguyen_1,best_of_n,,,fixed_0.9,distractor,0.05,0,0.0,0,0
run-20260223_131616-vwre7p9d,augustocsc/gpt2_base_infix_682k,nguyen_1,best_of_n,,,fixed_0.9,distractor,0.1,0,0.0,0,0
run-20260223_131627-urrov17c,augustocsc/gpt2_base_infix_682k,nguyen_1,best_of_n,,,fixed_0.9,oracle,0.0,0,0.0,0,0
run-20260223_131639-tvd83lhd,augustocsc/gpt2_base_infix_682k,nguyen_1,best_of_n,,,fixed_0.9,oracle,0.01,0,0.0,0,0
run-20260223_131650-clhax6z1,augustocsc/gpt2_base_infix_682k,nguyen_1,best_of_n,,,fixed_0.9,oracle,0.05,0,0.0,0,0
run-20260223_131702-3sp9ppyx,augustocsc/gpt2_base_infix_682k,nguyen_1,best_of_n,,,fixed_0.9,oracle,0.1,0,0.0,0,0
run-20260223_131713-t7qfzqyr,augustocsc/gpt2_base_infix_682k,nguyen_1,best_of_n,,,fixed_0.9,standard,0.0,0,0.0,0,0
run-20260223_131725-5xwuupcy,augustocsc/gpt2_base_infix_682k,nguyen_1,best_of_n,,,fixed_0.9,standard,0.01,0,0.0,0,0
run-20260223_131736-hmgg7342,augustocsc/gpt2_base_infix_682k,nguyen_1,best_of_n,,,fixed_0.9,standard,0.05,0,0.0,0,0
run-20260223_131748-w20k8edz,augustocsc/gpt2_base_infix_682k,nguyen_1,best_of_n,,,fixed_0.9,standard,0.1,0,0.0,0,0
run-20260223_131759-0tfp1xhc,augustocsc/gpt2_base_infix_682k,nguyen_1,best_of_n,,,linear_annealing,distractor,0.0,0,0.0,0,0
run-20260223_131811-2wtk2yl3,augustocsc/gpt2_base_infix_682k,nguyen_1,best_of_n,,,linear_annealing,distractor,0.01,0,0.0,0,0
run-20260223_131823-agzrxg6d,augustocsc/gpt2_base_infix_682k,nguyen_1,best_of_n,,,linear_annealing,distractor,0.05,0,0.0,0,0
run-20260223_131834-6kwlswhk,augustocsc/gpt2_base_infix_682k,nguyen_1,best_of_n,,,linear_annealing,distractor,0.1,0,0.0,0,0
run-20260223_131846-kel5t5wm,augustocsc/gpt2_base_infix_682k,nguyen_1,best_of_n,,,linear_annealing,oracle,0.0,0,0.0,0,0
run-20260223_131857-o5dcctdp,augustocsc/gpt2_base_infix_682k,nguyen_1,best_of_n,,,linear_annealing,oracle,0.01,0,0.0,0,0
run-20260223_131908-4i3x8iec,augustocsc/gpt2_base_infix_682k,nguyen_1,best_of_n,,,linear_annealing,oracle,0.05,0,0.0,0,0
run-20260223_131920-pdte7ycx,augustocsc/gpt2_base_infix_682k,nguyen_1,best_of_n,,,linear_annealing,oracle,0.1,0,0.0,0,0
run-20260223_131932-ivpjl7s3,augustocsc/gpt2_base_infix_682k,nguyen_1,best_of_n,,,linear_annealing,standard,0.0,0,0.0,0,0
run-20260223_131943-c5mhzrps,augustocsc/gpt2_base_infix_682k,nguyen_1,best_of_n,,,linear_annealing,standard,0.01,0,0.0,0,0
run-20260223_131955-nkpzxifu,augustocsc/gpt2_base_infix_682k,nguyen_1,best_of_n,,,linear_annealing,standard,0.05,0,0.0,0,0
run-20260223_132006-e1mwp5vk,augustocsc/gpt2_base_infix_682k,nguyen_1,best_of_n,,,linear_annealing,standard,0.1,0,0.0,0,0
run-20260223_132017-e5094iih,augustocsc/gpt2_base_infix_682k,nguyen_1,best_of_n,,,cosine_annealing,distractor,0.0,0,0.0,0,0
run-20260223_132029-oadviflv,augustocsc/gpt2_base_infix_682k,nguyen_1,best_of_n,,,cosine_annealing,distractor,0.01,0,0.0,0,0
run-20260223_132041-1y4apjq7,augustocsc/gpt2_base_infix_682k,nguyen_1,best_of_n,,,cosine_annealing,distractor,0.05,0,0.0,0,0
run-20260223_132052-nj6kz2n1,augustocsc/gpt2_base_infix_682k,nguyen_1,best_of_n,,,cosine_annealing,distractor,0.1,0,0.0,0,0
run-20260223_132104-n99ubyvy,augustocsc/gpt2_base_infix_682k,nguyen_1,best_of_n,,,cosine_annealing,oracle,0.0,0,0.0,0,0
run-20260223_132116-c91pl477,augustocsc/gpt2_base_infix_682k,nguyen_1,best_of_n,,,cosine_annealing,oracle,0.01,0,0.0,0,0
run-20260223_132127-hid09w0a,augustocsc/gpt2_base_infix_682k,nguyen_1,best_of_n,,,cosine_annealing,oracle,0.05,0,0.0,0,0
run-20260223_132139-7gukssow,augustocsc/gpt2_base_infix_682k,nguyen_1,best_of_n,,,cosine_annealing,oracle,0.1,0,0.0,0,0
run-20260223_132150-8txn6aga,augustocsc/gpt2_base_infix_682k,nguyen_1,best_of_n,,,cosine_annealing,standard,0.0,0,0.0,0,0
run-20260223_132201-yil985pn,augustocsc/gpt2_base_infix_682k,nguyen_1,best_of_n,,,cosine_annealing,standard,0.01,0,0.0,0,0
run-20260223_132213-s6m5o6k9,augustocsc/gpt2_base_infix_682k,nguyen_1,best_of_n,,,cosine_annealing,standard,0.05,0,0.0,0,0
run-20260223_132224-r3gbn0et,augustocsc/gpt2_base_infix_682k,nguyen_1,best_of_n,,,cosine_annealing,standard,0.1,0,0.0,0,0
run-20260223_132236-lc50we52,augustocsc/gpt2_base_infix_682k,nguyen_1,best_of_n,,,fixed_0.7,distractor,0.0,0,0.0,0,0
run-20260223_132247-3tg9m4na,augustocsc/gpt2_base_infix_682k,nguyen_1,best_of_n,,,fixed_0.7,distractor,0.01,0,0.0,0,0
run-20260223_132259-j77y4rbj,augustocsc/gpt2_base_infix_682k,nguyen_1,best_of_n,,,fixed_0.7,distractor,0.05,0,0.0,0,0
run-20260223_132310-zzs5fvnt,augustocsc/gpt2_base_infix_682k,nguyen_1,best_of_n,,,fixed_0.7,distractor,0.1,0,0.0,0,0
run-20260223_132321-32lbb82w,augustocsc/gpt2_base_infix_682k,nguyen_1,best_of_n,,,fixed_0.7,oracle,0.0,0,0.0,0,0
run-20260223_132333-4qgamk9a,augustocsc/gpt2_base_infix_682k,nguyen_1,best_of_n,,,fixed_0.7,oracle,0.01,0,0.0,0,0
run-20260223_132345-qrcowwqc,augustocsc/gpt2_base_infix_682k,nguyen_1,best_of_n,,,fixed_0.7,oracle,0.05,0,0.0,0,0
run-20260223_132357-tlimaeq9,augustocsc/gpt2_base_infix_682k,nguyen_1,best_of_n,,,fixed_0.7,oracle,0.1,0,0.0,0,0
run-20260223_132408-bentbgwk,augustocsc/gpt2_base_infix_682k,nguyen_1,best_of_n,,,fixed_0.7,standard,0.0,0,0.0,0,0
run-20260223_132419-7hh5odbn,augustocsc/gpt2_base_infix_682k,nguyen_1,best_of_n,,,fixed_0.7,standard,0.01,0,0.0,0,0
run-20260223_132431-r3740971,augustocsc/gpt2_base_infix_682k,nguyen_1,best_of_n,,,fixed_0.7,standard,0.05,0,0.0,0,0
run-20260223_132443-qfetomcy,augustocsc/gpt2_base_infix_682k,nguyen_1,best_of_n,,,fixed_0.7,standard,0.1,0,0.0,0,0
run-20260223_132454-mwlky31o,augustocsc/gpt2_base_infix_682k,nguyen_1,best_of_n,,,fixed_0.9,distractor,0.0,0,0.0,0,0
run-20260223_132506-f38irau5,augustocsc/gpt2_base_infix_682k,nguyen_1,best_of_n,,,fixed_0.9,distractor,0.01,0,0.0,0,0
run-20260223_132517-e4falpf6,augustocsc/gpt2_base_infix_682k,nguyen_1,best_of_n,,,fixed_0.9,distractor,0.05,0,0.0,0,0
run-20260223_132529-u3hh6gk0,augustocsc/gpt2_base_infix_682k,nguyen_1,best_of_n,,,fixed_0.9,distractor,0.1,0,0.0,0,0
run-20260223_132540-ulbd1yxx,augustocsc/gpt2_base_infix_682k,nguyen_1,best_of_n,,,fixed_0.9,oracle,0.0,0,0.0,0,0
run-20260223_132552-t4o401z1,augustocsc/gpt2_base_infix_682k,nguyen_1,best_of_n,,,fixed_0.9,oracle,0.01,0,0.0,0,0
run-20260223_132603-jxbst17a,augustocsc/gpt2_base_infix_682k,nguyen_1,best_of_n,,,fixed_0.9,oracle,0.05,0,0.0,0,0
run-20260223_132614-l6s1uteh,augustocsc/gpt2_base_infix_682k,nguyen_1,best_of_n,,,fixed_0.9,oracle,0.1,0,0.0,0,0
run-20260223_132626-zwilyqox,augustocsc/gpt2_base_infix_682k,nguyen_1,best_of_n,,,fixed_0.9,standard,0.0,0,0.0,0,0
run-20260223_132637-h3rypw86,augustocsc/gpt2_base_infix_682k,nguyen_1,best_of_n,,,fixed_0.9,standard,0.01,0,0.0,0,0
run-20260223_132648-cm2doc5y,augustocsc/gpt2_base_infix_682k,nguyen_1,best_of_n,,,fixed_0.9,standard,0.05,0,0.0,0,0
run-20260223_132700-4x0e07jt,augustocsc/gpt2_base_infix_682k,nguyen_1,best_of_n,,,fixed_0.9,standard,0.1,0,0.0,0,0
run-20260223_132712-6c8c054k,augustocsc/gpt2_base_infix_682k,nguyen_1,best_of_n,,,linear_annealing,distractor,0.0,0,0.0,0,0
run-20260223_132723-bma4fzp8,augustocsc/gpt2_base_infix_682k,nguyen_1,best_of_n,,,linear_annealing,distractor,0.01,0,0.0,0,0
run-20260223_132735-ovv4gdjz,augustocsc/gpt2_base_infix_682k,nguyen_1,best_of_n,,,linear_annealing,distractor,0.05,0,0.0,0,0
run-20260223_132747-2p68ykml,augustocsc/gpt2_base_infix_682k,nguyen_1,best_of_n,,,linear_annealing,distractor,0.1,0,0.0,0,0
run-20260223_132758-zpq3eh1c,augustocsc/gpt2_base_infix_682k,nguyen_1,best_of_n,,,linear_annealing,oracle,0.0,0,0.0,0,0
run-20260223_132810-uibavwjw,augustocsc/gpt2_base_infix_682k,nguyen_1,best_of_n,,,linear_annealing,oracle,0.01,0,0.0,0,0
run-20260223_132822-00d7ik5z,augustocsc/gpt2_base_infix_682k,nguyen_1,best_of_n,,,linear_annealing,oracle,0.05,0,0.0,0,0
run-20260223_132833-tmbfpa69,augustocsc/gpt2_base_infix_682k,nguyen_1,best_of_n,,,linear_annealing,oracle,0.1,0,0.0,0,0
run-20260223_132845-ydxbi163,augustocsc/gpt2_base_infix_682k,nguyen_1,best_of_n,,,linear_annealing,standard,0.0,0,0.0,0,0
run-20260223_132857-51agmltv,augustocsc/gpt2_base_infix_682k,nguyen_1,best_of_n,,,linear_annealing,standard,0.01,0,0.0,0,0
run-20260223_132908-uuorcbt7,augustocsc/gpt2_base_infix_682k,nguyen_1,best_of_n,,,linear_annealing,standard,0.05,0,0.0,0,0
run-20260223_132920-hzcepgwa,augustocsc/gpt2_base_infix_682k,nguyen_1,best_of_n,,,linear_annealing,standard,0.1,0,0.0,0,0
run-20260223_132931-21b4jyvl,augustocsc/gpt2_base_infix_682k,nguyen_1,best_of_n,,,cosine_annealing,distractor,0.0,0,0.0,0,0
run-20260223_132942-aj3zbizd,augustocsc/gpt2_base_infix_682k,nguyen_1,best_of_n,,,cosine_annealing,distractor,0.01,0,0.0,0,0
run-20260223_132954-qmu8sq7t,augustocsc/gpt2_base_infix_682k,nguyen_1,best_of_n,,,cosine_annealing,distractor,0.05,0,0.0,0,0
run-20260223_133005-gy8tcn1k,augustocsc/gpt2_base_infix_682k,nguyen_1,best_of_n,,,cosine_annealing,distractor,0.1,0,0.0,0,0
run-20260223_133017-h3t9oo61,augustocsc/gpt2_base_infix_682k,nguyen_1,best_of_n,,,cosine_annealing,oracle,0.0,0,0.0,0,0
run-20260223_133028-s3a3517u,augustocsc/gpt2_base_infix_682k,nguyen_1,best_of_n,,,cosine_annealing,oracle,0.01,0,0.0,0,0
run-20260223_133040-fs3yzbqx,augustocsc/gpt2_base_infix_682k,nguyen_1,best_of_n,,,cosine_annealing,oracle,0.05,0,0.0,0,0
run-20260223_133052-dtlroncw,augustocsc/gpt2_base_infix_682k,nguyen_1,best_of_n,,,cosine_annealing,oracle,0.1,0,0.0,0,0
run-20260223_133103-am9v7fff,augustocsc/gpt2_base_infix_682k,nguyen_1,best_of_n,,,cosine_annealing,standard,0.0,0,0.0,0,0
run-20260223_133115-aow271mr,augustocsc/gpt2_base_infix_682k,nguyen_1,best_of_n,,,cosine_annealing,standard,0.01,0,0.0,0,0
run-20260223_133127-4zl1t3vv,augustocsc/gpt2_base_infix_682k,nguyen_1,best_of_n,,,cosine_annealing,standard,0.05,0,0.0,0,0
run-20260223_133139-qs5bxrij,augustocsc/gpt2_base_infix_682k,nguyen_1,best_of_n,,,cosine_annealing,standard,0.1,0,0.0,0,0
run-20260223_133150-owijx9tz,augustocsc/gpt2_base_infix_682k,nguyen_1,best_of_n,,,fixed_0.7,distractor,0.0,0,0.0,0,0
run-20260223_133202-bc1n2h8d,augustocsc/gpt2_base_infix_682k,nguyen_1,best_of_n,,,fixed_0.7,distractor,0.01,0,0.0,0,0
run-20260223_133213-yvs08j1o,augustocsc/gpt2_base_infix_682k,nguyen_1,best_of_n,,,fixed_0.7,distractor,0.05,0,0.0,0,0
run-20260223_133224-juw0pbf4,augustocsc/gpt2_base_infix_682k,nguyen_1,best_of_n,,,fixed_0.7,distractor,0.1,0,0.0,0,0
run-20260223_133236-tssdjx75,augustocsc/gpt2_base_infix_682k,nguyen_1,best_of_n,,,fixed_0.7,oracle,0.0,0,0.0,0,0
run-20260223_133248-cd5cs263,augustocsc/gpt2_base_infix_682k,nguyen_1,best_of_n,,,fixed_0.7,oracle,0.01,0,0.0,0,0
run-20260223_133259-tlhffaac,augustocsc/gpt2_base_infix_682k,nguyen_1,best_of_n,,,fixed_0.7,oracle,0.05,0,0.0,0,0
run-20260223_133311-yjxd1zp2,augustocsc/gpt2_base_infix_682k,nguyen_1,best_of_n,,,fixed_0.7,oracle,0.1,0,0.0,0,0
run-20260223_133323-uxvt2ht3,augustocsc/gpt2_base_infix_682k,nguyen_1,best_of_n,,,fixed_0.7,standard,0.0,0,0.0,0,0
run-20260223_133334-2b63bv3z,augustocsc/gpt2_base_infix_682k,nguyen_1,best_of_n,,,fixed_0.7,standard,0.01,0,0.0,0,0
run-20260223_133346-z08s31ml,augustocsc/gpt2_base_infix_682k,nguyen_1,best_of_n,,,fixed_0.7,standard,0.05,0,0.0,0,0
run-20260223_133357-8n41can9,augustocsc/gpt2_base_infix_682k,nguyen_1,best_of_n,,,fixed_0.7,standard,0.1,0,0.0,0,0
run-20260223_133409-vcblfnrk,augustocsc/gpt2_base_infix_682k,nguyen_1,best_of_n,,,fixed_0.9,distractor,0.0,0,0.0,0,0
run-20260223_133420-4gmueuzq,augustocsc/gpt2_base_infix_682k,nguyen_1,best_of_n,,,fixed_0.9,distractor,0.01,0,0.0,0,0
run-20260223_133431-eg4jvy9d,augustocsc/gpt2_base_infix_682k,nguyen_1,best_of_n,,,fixed_0.9,distractor,0.05,0,0.0,0,0
run-20260223_133443-00r1zgz3,augustocsc/gpt2_base_infix_682k,nguyen_1,best_of_n,,,fixed_0.9,distractor,0.1,0,0.0,0,0
run-20260223_133454-ut6sobwl,augustocsc/gpt2_base_infix_682k,nguyen_1,best_of_n,,,fixed_0.9,oracle,0.0,0,0.0,0,0
run-20260223_133506-japm7h44,augustocsc/gpt2_base_infix_682k,nguyen_1,best_of_n,,,fixed_0.9,oracle,0.01,0,0.0,0,0
run-20260223_133517-5zpinj3x,augustocsc/gpt2_base_infix_682k,nguyen_1,best_of_n,,,fixed_0.9,oracle,0.05,0,0.0,0,0
run-20260223_133528-5zenbdpq,augustocsc/gpt2_base_infix_682k,nguyen_1,best_of_n,,,fixed_0.9,oracle,0.1,0,0.0,0,0
run-20260223_133540-n2p93tux,augustocsc/gpt2_base_infix_682k,nguyen_1,best_of_n,,,fixed_0.9,standard,0.0,0,0.0,0,0
run-20260223_133551-tx7fz1ee,augustocsc/gpt2_base_infix_682k,nguyen_1,best_of_n,,,fixed_0.9,standard,0.01,0,0.0,0,0
run-20260223_133603-ajcgz50a,augustocsc/gpt2_base_infix_682k,nguyen_1,best_of_n,,,fixed_0.9,standard,0.05,0,0.0,0,0
run-20260223_133614-p3n8dzb3,augustocsc/gpt2_base_infix_682k,nguyen_1,best_of_n,,,fixed_0.9,standard,0.1,0,0.0,0,0
run-20260223_133626-gqzod3ki,augustocsc/gpt2_base_infix_682k,nguyen_1,best_of_n,,,linear_annealing,distractor,0.0,0,0.0,0,0
run-20260223_133637-6hs6vhaq,augustocsc/gpt2_base_infix_682k,nguyen_1,best_of_n,,,linear_annealing,distractor,0.01,0,0.0,0,0
run-20260223_133649-wbzmf685,augustocsc/gpt2_base_infix_682k,nguyen_1,best_of_n,,,linear_annealing,distractor,0.05,0,0.0,0,0
run-20260223_133700-q5hcvj6f,augustocsc/gpt2_base_infix_682k,nguyen_1,best_of_n,,,linear_annealing,distractor,0.1,0,0.0,0,0
run-20260223_133712-f0moy70n,augustocsc/gpt2_base_infix_682k,nguyen_1,best_of_n,,,linear_annealing,oracle,0.0,0,0.0,0,0
run-20260223_133723-xyjempci,augustocsc/gpt2_base_infix_682k,nguyen_1,best_of_n,,,linear_annealing,oracle,0.01,0,0.0,0,0
run-20260223_133735-e0zgzyem,augustocsc/gpt2_base_infix_682k,nguyen_1,best_of_n,,,linear_annealing,oracle,0.05,0,0.0,0,0
run-20260223_133746-p9s4wvm2,augustocsc/gpt2_base_infix_682k,nguyen_1,best_of_n,,,linear_annealing,oracle,0.1,0,0.0,0,0
run-20260223_133758-og55bbcw,augustocsc/gpt2_base_infix_682k,nguyen_1,best_of_n,,,linear_annealing,standard,0.0,0,0.0,0,0
run-20260223_133810-wm9ysdy3,augustocsc/gpt2_base_infix_682k,nguyen_1,best_of_n,,,linear_annealing,standard,0.01,0,0.0,0,0
run-20260223_133821-2lb0ap1y,augustocsc/gpt2_base_infix_682k,nguyen_1,best_of_n,,,linear_annealing,standard,0.05,0,0.0,0,0
run-20260223_133833-8md4egud,augustocsc/gpt2_base_infix_682k,nguyen_1,best_of_n,,,linear_annealing,standard,0.1,0,0.0,0,0
run-20260223_133844-bjxu9m33,augustocsc/gpt2_base_infix_682k,nguyen_1,best_of_n,,,cosine_annealing,distractor,0.0,0,0.0,0,0
run-20260223_133855-b6g5afys,augustocsc/gpt2_base_infix_682k,nguyen_1,best_of_n,,,cosine_annealing,distractor,0.01,0,0.0,0,0
run-20260223_133907-4vhdxwji,augustocsc/gpt2_base_infix_682k,nguyen_1,best_of_n,,,cosine_annealing,distractor,0.05,0,0.0,0,0
run-20260223_133918-jvz6acc7,augustocsc/gpt2_base_infix_682k,nguyen_1,best_of_n,,,cosine_annealing,distractor,0.1,0,0.0,0,0
run-20260223_133929-i8bjudjq,augustocsc/gpt2_base_infix_682k,nguyen_1,best_of_n,,,cosine_annealing,oracle,0.0,0,0.0,0,0
run-20260223_133941-8ohtq1by,augustocsc/gpt2_base_infix_682k,nguyen_1,best_of_n,,,cosine_annealing,oracle,0.01,0,0.0,0,0
run-20260223_133952-n9nmrcie,augustocsc/gpt2_base_infix_682k,nguyen_1,best_of_n,,,cosine_annealing,oracle,0.05,0,0.0,0,0
run-20260223_134004-1fjew6sj,augustocsc/gpt2_base_infix_682k,nguyen_1,best_of_n,,,cosine_annealing,oracle,0.1,0,0.0,0,0
run-20260223_134016-eghg06jc,augustocsc/gpt2_base_infix_682k,nguyen_1,best_of_n,,,cosine_annealing,standard,0.0,0,0.0,0,0
run-20260223_134027-ugp7le0g,augustocsc/gpt2_base_infix_682k,nguyen_1,best_of_n,,,cosine_annealing,standard,0.01,0,0.0,0,0
run-20260223_134039-g2s2x49c,augustocsc/gpt2_base_infix_682k,nguyen_1,best_of_n,,,cosine_annealing,standard,0.05,0,0.0,0,0
run-20260223_134050-f79pa9a1,augustocsc/gpt2_base_infix_682k,nguyen_1,best_of_n,,,cosine_annealing,standard,0.1,0,0.0,0,0
run-20260223_134102-4vg7p9o0,augustocsc/gpt2_base_infix_682k,nguyen_1,best_of_n,,,fixed_0.7,distractor,0.0,0,0.0,0,0
run-20260223_134113-jxtdizvg,augustocsc/gpt2_base_infix_682k,nguyen_1,best_of_n,,,fixed_0.7,distractor,0.01,0,0.0,0,0
run-20260223_134125-1yj3x1lq,augustocsc/gpt2_base_infix_682k,nguyen_1,best_of_n,,,fixed_0.7,distractor,0.05,0,0.0,0,0
run-20260223_134136-ic60bbhb,augustocsc/gpt2_base_infix_682k,nguyen_1,best_of_n,,,fixed_0.7,distractor,0.1,0,0.0,0,0
run-20260223_134148-nstg6nkk,augustocsc/gpt2_base_infix_682k,nguyen_1,best_of_n,,,fixed_0.7,oracle,0.0,0,0.0,0,0
run-20260223_134159-jia6vpc7,augustocsc/gpt2_base_infix_682k,nguyen_1,best_of_n,,,fixed_0.7,oracle,0.01,0,0.0,0,0
run-20260223_134210-yfbwt5oi,augustocsc/gpt2_base_infix_682k,nguyen_1,best_of_n,,,fixed_0.7,oracle,0.05,0,0.0,0,0
run-20260223_134222-eqlrlsfx,augustocsc/gpt2_base_infix_682k,nguyen_1,best_of_n,,,fixed_0.7,oracle,0.1,0,0.0,0,0
run-20260223_134233-sc1zznw9,augustocsc/gpt2_base_infix_682k,nguyen_1,best_of_n,,,fixed_0.7,standard,0.0,0,0.0,0,0
run-20260223_134245-phupjthx,augustocsc/gpt2_base_infix_682k,nguyen_1,best_of_n,,,fixed_0.7,standard,0.01,0,0.0,0,0
run-20260223_134256-m8l5rp8d,augustocsc/gpt2_base_infix_682k,nguyen_1,best_of_n,,,fixed_0.7,standard,0.05,0,0.0,0,0
run-20260223_134308-ux7pus6m,augustocsc/gpt2_base_infix_682k,nguyen_1,best_of_n,,,fixed_0.7,standard,0.1,0,0.0,0,0
run-20260223_134319-mo5d5ts8,augustocsc/gpt2_base_infix_682k,nguyen_1,best_of_n,,,fixed_0.9,distractor,0.0,0,0.0,0,0
run-20260223_134331-s55vqy4o,augustocsc/gpt2_base_infix_682k,nguyen_1,best_of_n,,,fixed_0.9,distractor,0.01,0,0.0,0,0
run-20260223_134342-4e3rfet0,augustocsc/gpt2_base_infix_682k,nguyen_1,best_of_n,,,fixed_0.9,distractor,0.05,0,0.0,0,0
run-20260223_134353-vzcb8x51,augustocsc/gpt2_base_infix_682k,nguyen_1,best_of_n,,,fixed_0.9,distractor,0.1,0,0.0,0,0
run-20260223_134405-qfb2g76e,augustocsc/gpt2_base_infix_682k,nguyen_1,best_of_n,,,fixed_0.9,oracle,0.0,0,0.0,0,0
run-20260223_134417-kwj33v5o,augustocsc/gpt2_base_infix_682k,nguyen_1,best_of_n,,,fixed_0.9,oracle,0.01,0,0.0,0,0
run-20260223_134429-w3twisgr,augustocsc/gpt2_base_infix_682k,nguyen_1,best_of_n,,,fixed_0.9,oracle,0.05,0,0.0,0,0
run-20260223_134441-bw9xb3p5,augustocsc/gpt2_base_infix_682k,nguyen_1,best_of_n,,,fixed_0.9,oracle,0.1,0,0.0,0,0
run-20260223_134452-zyyqoblg,augustocsc/gpt2_base_infix_682k,nguyen_1,best_of_n,,,fixed_0.9,standard,0.0,0,0.0,0,0
run-20260223_134503-5g2xzz6l,augustocsc/gpt2_base_infix_682k,nguyen_1,best_of_n,,,fixed_0.9,standard,0.01,0,0.0,0,0
run-20260223_134515-loqucqbg,augustocsc/gpt2_base_infix_682k,nguyen_1,best_of_n,,,fixed_0.9,standard,0.05,0,0.0,0,0
run-20260223_134527-pb6xzieb,augustocsc/gpt2_base_infix_682k,nguyen_1,best_of_n,,,fixed_0.9,standard,0.1,0,0.0,0,0
run-20260223_134538-g37451t7,augustocsc/gpt2_base_infix_682k,nguyen_1,best_of_n,,,linear_annealing,distractor,0.0,0,0.0,0,0
run-20260223_134549-cdxvy80w,augustocsc/gpt2_base_infix_682k,nguyen_1,best_of_n,,,linear_annealing,distractor,0.01,0,0.0,0,0
run-20260223_134601-vgv9i9sc,augustocsc/gpt2_base_infix_682k,nguyen_1,best_of_n,,,linear_annealing,distractor,0.05,0,0.0,0,0
run-20260223_134612-8daba0bh,augustocsc/gpt2_base_infix_682k,nguyen_1,best_of_n,,,linear_annealing,distractor,0.1,0,0.0,0,0
run-20260223_134624-y1g3pm0c,augustocsc/gpt2_base_infix_682k,nguyen_1,best_of_n,,,linear_annealing,oracle,0.0,0,0.0,0,0
run-20260223_134636-7ytx9ipc,augustocsc/gpt2_base_infix_682k,nguyen_1,best_of_n,,,linear_annealing,oracle,0.01,0,0.0,0,0
run-20260223_134648-6l1ugqzz,augustocsc/gpt2_base_infix_682k,nguyen_1,best_of_n,,,linear_annealing,oracle,0.05,0,0.0,0,0
run-20260223_134659-6jjeemqk,augustocsc/gpt2_base_infix_682k,nguyen_1,best_of_n,,,linear_annealing,oracle,0.1,0,0.0,0,0
run-20260223_134711-932tgf2u,augustocsc/gpt2_base_infix_682k,nguyen_1,best_of_n,,,linear_annealing,standard,0.0,0,0.0,0,0
run-20260223_134723-yhxrt9pn,augustocsc/gpt2_base_infix_682k,nguyen_1,best_of_n,,,linear_annealing,standard,0.01,0,0.0,0,0
run-20260223_134734-0t4bmf26,augustocsc/gpt2_base_infix_682k,nguyen_1,best_of_n,,,linear_annealing,standard,0.05,0,0.0,0,0
run-20260223_134746-zrqjxfe9,augustocsc/gpt2_base_infix_682k,nguyen_1,best_of_n,,,linear_annealing,standard,0.1,0,0.0,0,0
run-20260223_134758-bsg2p8vc,augustocsc/gpt2_base_infix_682k,nguyen_1,best_of_n,,,cosine_annealing,distractor,0.0,0,0.0,0,0
run-20260223_134809-slhrftdp,augustocsc/gpt2_base_infix_682k,nguyen_1,best_of_n,,,cosine_annealing,distractor,0.01,0,0.0,0,0
run-20260223_134820-4b8t0xba,augustocsc/gpt2_base_infix_682k,nguyen_1,best_of_n,,,cosine_annealing,distractor,0.05,0,0.0,0,0
run-20260223_134832-84ur9zag,augustocsc/gpt2_base_infix_682k,nguyen_1,best_of_n,,,cosine_annealing,distractor,0.1,0,0.0,0,0
run-20260223_134843-jnd4xc4i,augustocsc/gpt2_base_infix_682k,nguyen_1,best_of_n,,,cosine_annealing,oracle,0.0,0,0.0,0,0
run-20260223_134855-ogwctb8c,augustocsc/gpt2_base_infix_682k,nguyen_1,best_of_n,,,cosine_annealing,oracle,0.01,0,0.0,0,0
run-20260223_134907-bw14o61s,augustocsc/gpt2_base_infix_682k,nguyen_1,best_of_n,,,cosine_annealing,oracle,0.05,0,0.0,0,0
run-20260223_134918-y81ax8es,augustocsc/gpt2_base_infix_682k,nguyen_1,best_of_n,,,cosine_annealing,oracle,0.1,0,0.0,0,0
run-20260223_134930-mhxu2jba,augustocsc/gpt2_base_infix_682k,nguyen_1,best_of_n,,,cosine_annealing,standard,0.0,0,0.0,0,0
run-20260223_134941-du0qaxjl,augustocsc/gpt2_base_infix_682k,nguyen_1,best_of_n,,,cosine_annealing,standard,0.01,0,0.0,0,0
run-20260223_134953-o73fye4c,augustocsc/gpt2_base_infix_682k,nguyen_1,best_of_n,,,cosine_annealing,standard,0.05,0,0.0,0,0
run-20260223_135004-280mya0h,augustocsc/gpt2_base_infix_682k,nguyen_1,best_of_n,,,cosine_annealing,standard,0.1,0,0.0,0,0
run-20260223_135016-x8ypfd9s,augustocsc/gpt2_base_infix_682k,nguyen_1,best_of_n,,,fixed_0.7,distractor,0.0,0,0.0,0,0
run-20260223_135027-elhtle52,augustocsc/gpt2_base_infix_682k,nguyen_1,best_of_n,,,fixed_0.7,distractor,0.01,0,0.0,0,0
run-20260223_135038-dvyo1ib5,augustocsc/gpt2_base_infix_682k,nguyen_1,best_of_n,,,fixed_0.7,distractor,0.05,0,0.0,0,0
run-20260223_135050-uq50dhyu,augustocsc/gpt2_base_infix_682k,nguyen_1,best_of_n,,,fixed_0.7,distractor,0.1,0,0.0,0,0
run-20260223_135102-bkhyx134,augustocsc/gpt2_base_infix_682k,nguyen_1,best_of_n,,,fixed_0.7,oracle,0.0,0,0.0,0,0
run-20260223_135113-6k6t16mf,augustocsc/gpt2_base_infix_682k,nguyen_1,best_of_n,,,fixed_0.7,oracle,0.01,0,0.0,0,0
run-20260223_135124-kqrsbp7b,augustocsc/gpt2_base_infix_682k,nguyen_1,best_of_n,,,fixed_0.7,oracle,0.05,0,0.0,0,0
run-20260223_135136-pvof3xc8,augustocsc/gpt2_base_infix_682k,nguyen_1,best_of_n,,,fixed_0.7,oracle,0.1,0,0.0,0,0
run-20260223_135147-w0jepu5k,augustocsc/gpt2_base_infix_682k,nguyen_1,best_of_n,,,fixed_0.7,standard,0.0,0,0.0,0,0
run-20260223_135159-rk0y1xyt,augustocsc/gpt2_base_infix_682k,nguyen_1,best_of_n,,,fixed_0.7,standard,0.01,0,0.0,0,0
run-20260223_135210-8rrxy08a,augustocsc/gpt2_base_infix_682k,nguyen_1,best_of_n,,,fixed_0.7,standard,0.05,0,0.0,0,0
run-20260223_135222-0mzwqfa2,augustocsc/gpt2_base_infix_682k,nguyen_1,best_of_n,,,fixed_0.7,standard,0.1,0,0.0,0,0
run-20260223_135233-3djp5dz0,augustocsc/gpt2_base_infix_682k,nguyen_1,best_of_n,,,fixed_0.9,distractor,0.0,0,0.0,0,0
run-20260223_135245-wu6vpdp1,augustocsc/gpt2_base_infix_682k,nguyen_1,best_of_n,,,fixed_0.9,distractor,0.01,0,0.0,0,0
run-20260223_135256-it0yznqr,augustocsc/gpt2_base_infix_682k,nguyen_1,best_of_n,,,fixed_0.9,distractor,0.05,0,0.0,0,0
run-20260223_135308-k0bwlg40,augustocsc/gpt2_base_infix_682k,nguyen_1,best_of_n,,,fixed_0.9,distractor,0.1,0,0.0,0,0
run-20260223_135319-1mqfd2fh,augustocsc/gpt2_base_infix_682k,nguyen_1,best_of_n,,,fixed_0.9,oracle,0.0,0,0.0,0,0
run-20260223_135331-uzmp4tjo,augustocsc/gpt2_base_infix_682k,nguyen_1,best_of_n,,,fixed_0.9,oracle,0.01,0,0.0,0,0
run-20260223_135343-8t19zs43,augustocsc/gpt2_base_infix_682k,nguyen_1,best_of_n,,,fixed_0.9,oracle,0.05,0,0.0,0,0
run-20260223_135354-zuvtduj1,augustocsc/gpt2_base_infix_682k,nguyen_1,best_of_n,,,fixed_0.9,oracle,0.1,0,0.0,0,0
run-20260223_135405-d3r3ynbf,augustocsc/gpt2_base_infix_682k,nguyen_1,best_of_n,,,fixed_0.9,standard,0.0,0,0.0,0,0
run-20260223_135417-wzdij56j,augustocsc/gpt2_base_infix_682k,nguyen_1,best_of_n,,,fixed_0.9,standard,0.01,0,0.0,0,0
run-20260223_135428-83vbz6iq,augustocsc/gpt2_base_infix_682k,nguyen_1,best_of_n,,,fixed_0.9,standard,0.05,0,0.0,0,0
run-20260223_135440-zg891ott,augustocsc/gpt2_base_infix_682k,nguyen_1,best_of_n,,,fixed_0.9,standard,0.1,0,0.0,0,0
run-20260223_135452-b7086div,augustocsc/gpt2_base_infix_682k,nguyen_1,best_of_n,,,linear_annealing,distractor,0.0,0,0.0,0,0
run-20260223_135503-0c2ts8zw,augustocsc/gpt2_base_infix_682k,nguyen_1,best_of_n,,,linear_annealing,distractor,0.01,0,0.0,0,0
run-20260223_135515-6hzjqr2s,augustocsc/gpt2_base_infix_682k,nguyen_1,best_of_n,,,linear_annealing,distractor,0.05,0,0.0,0,0
run-20260223_135526-c5w0es1y,augustocsc/gpt2_base_infix_682k,nguyen_1,best_of_n,,,linear_annealing,distractor,0.1,0,0.0,0,0
run-20260223_135538-mc17toaw,augustocsc/gpt2_base_infix_682k,nguyen_1,best_of_n,,,linear_annealing,oracle,0.0,0,0.0,0,0
run-20260223_135549-iyqr7fqj,augustocsc/gpt2_base_infix_682k,nguyen_1,best_of_n,,,linear_annealing,oracle,0.01,0,0.0,0,0
run-20260223_135601-65zsu530,augustocsc/gpt2_base_infix_682k,nguyen_1,best_of_n,,,linear_annealing,oracle,0.05,0,0.0,0,0
run-20260223_135612-tmwg61kh,augustocsc/gpt2_base_infix_682k,nguyen_1,best_of_n,,,linear_annealing,oracle,0.1,0,0.0,0,0
run-20260223_135624-w4bn3p24,augustocsc/gpt2_base_infix_682k,nguyen_1,best_of_n,,,linear_annealing,standard,0.0,0,0.0,0,0
run-20260223_135635-uv9hlbzx,augustocsc/gpt2_base_infix_682k,nguyen_1,best_of_n,,,linear_annealing,standard,0.01,0,0.0,0,0
run-20260223_135646-y8j9z69o,augustocsc/gpt2_base_infix_682k,nguyen_1,best_of_n,,,linear_annealing,standard,0.05,0,0.0,0,0
run-20260223_135658-3kft2gcy,augustocsc/gpt2_base_infix_682k,nguyen_1,best_of_n,,,linear_annealing,standard,0.1,0,0.0,0,0
run-20260223_135710-l1u680em,augustocsc/gpt2_base_infix_682k,nguyen_1,best_of_n,,,cosine_annealing,distractor,0.0,0,0.0,0,0
run-20260223_135721-ebjv3qba,augustocsc/gpt2_base_infix_682k,nguyen_1,best_of_n,,,cosine_annealing,distractor,0.01,0,0.0,0,0
run-20260223_135733-il9xtnjr,augustocsc/gpt2_base_infix_682k,nguyen_1,best_of_n,,,cosine_annealing,distractor,0.05,0,0.0,0,0
run-20260223_135744-ue64kvyn,augustocsc/gpt2_base_infix_682k,nguyen_1,best_of_n,,,cosine_annealing,distractor,0.1,0,0.0,0,0
run-20260223_135756-7wqjiiqa,augustocsc/gpt2_base_infix_682k,nguyen_1,best_of_n,,,cosine_annealing,oracle,0.0,0,0.0,0,0
run-20260223_135807-x7jsjyyp,augustocsc/gpt2_base_infix_682k,nguyen_1,best_of_n,,,cosine_annealing,oracle,0.01,0,0.0,0,0
run-20260223_135819-2jzk6sli,augustocsc/gpt2_base_infix_682k,nguyen_1,best_of_n,,,cosine_annealing,oracle,0.05,0,0.0,0,0
run-20260223_135831-pt9slf4y,augustocsc/gpt2_base_infix_682k,nguyen_1,best_of_n,,,cosine_annealing,oracle,0.1,0,0.0,0,0
run-20260223_135842-ekizn6ac,augustocsc/gpt2_base_infix_682k,nguyen_1,best_of_n,,,cosine_annealing,standard,0.0,0,0.0,0,0
run-20260223_135854-e76s0kc7,augustocsc/gpt2_base_infix_682k,nguyen_1,best_of_n,,,cosine_annealing,standard,0.01,0,0.0,0,0
run-20260223_135906-jt4s4ix7,augustocsc/gpt2_base_infix_682k,nguyen_1,best_of_n,,,cosine_annealing,standard,0.05,0,0.0,0,0
run-20260223_135917-p7l6khel,augustocsc/gpt2_base_infix_682k,nguyen_1,best_of_n,,,cosine_annealing,standard,0.1,0,0.0,0,0
run-20260223_135929-elimh9nu,augustocsc/gpt2_base_infix_682k,nguyen_1,best_of_n,,,fixed_0.7,distractor,0.0,0,0.0,0,0
run-20260223_135940-r1jpywau,augustocsc/gpt2_base_infix_682k,nguyen_1,best_of_n,,,fixed_0.7,distractor,0.01,0,0.0,0,0
run-20260223_135952-htsaevep,augustocsc/gpt2_base_infix_682k,nguyen_1,best_of_n,,,fixed_0.7,distractor,0.05,0,0.0,0,0
run-20260223_140003-rhdcb628,augustocsc/gpt2_base_infix_682k,nguyen_1,best_of_n,,,fixed_0.7,distractor,0.1,0,0.0,0,0
run-20260223_140015-cfit0fw8,augustocsc/gpt2_base_infix_682k,nguyen_1,best_of_n,,,fixed_0.7,oracle,0.0,0,0.0,0,0
run-20260223_140027-2upjf66a,augustocsc/gpt2_base_infix_682k,nguyen_1,best_of_n,,,fixed_0.7,oracle,0.01,0,0.0,0,0
run-20260223_140038-usfbfsvk,augustocsc/gpt2_base_infix_682k,nguyen_1,best_of_n,,,fixed_0.7,oracle,0.05,0,0.0,0,0
run-20260223_140050-99x4fjaa,augustocsc/gpt2_base_infix_682k,nguyen_1,best_of_n,,,fixed_0.7,oracle,0.1,0,0.0,0,0
run-20260223_140101-1r2tmqo1,augustocsc/gpt2_base_infix_682k,nguyen_1,best_of_n,,,fixed_0.7,standard,0.0,0,0.0,0,0
run-20260223_140113-1htiq6gf,augustocsc/gpt2_base_infix_682k,nguyen_1,best_of_n,,,fixed_0.7,standard,0.01,0,0.0,0,0
run-20260223_140124-358alg6d,augustocsc/gpt2_base_infix_682k,nguyen_1,best_of_n,,,fixed_0.7,standard,0.05,0,0.0,0,0
run-20260223_140136-7vwkyqdg,augustocsc/gpt2_base_infix_682k,nguyen_1,best_of_n,,,fixed_0.7,standard,0.1,0,0.0,0,0
run-20260223_140147-ytcfgu2a,augustocsc/gpt2_base_infix_682k,nguyen_1,best_of_n,,,fixed_0.9,distractor,0.0,0,0.0,0,0
run-20260223_140159-8xe7sg77,augustocsc/gpt2_base_infix_682k,nguyen_1,best_of_n,,,fixed_0.9,distractor,0.01,0,0.0,0,0
run-20260223_140210-ktw6jw1f,augustocsc/gpt2_base_infix_682k,nguyen_1,best_of_n,,,fixed_0.9,distractor,0.05,0,0.0,0,0
run-20260223_140222-jrznzenu,augustocsc/gpt2_base_infix_682k,nguyen_1,best_of_n,,,fixed_0.9,distractor,0.1,0,0.0,0,0
run-20260223_140233-ahtk6gwh,augustocsc/gpt2_base_infix_682k,nguyen_1,best_of_n,,,fixed_0.9,oracle,0.0,0,0.0,0,0
run-20260223_140245-6wgpqy2a,augustocsc/gpt2_base_infix_682k,nguyen_1,best_of_n,,,fixed_0.9,oracle,0.01,0,0.0,0,0
run-20260223_140256-ap5j53jm,augustocsc/gpt2_base_infix_682k,nguyen_1,best_of_n,,,fixed_0.9,oracle,0.05,0,0.0,0,0
run-20260223_140308-fpi86yjy,augustocsc/gpt2_base_infix_682k,nguyen_1,best_of_n,,,fixed_0.9,oracle,0.1,0,0.0,0,0
run-20260223_140319-6w4kvfk9,augustocsc/gpt2_base_infix_682k,nguyen_1,best_of_n,,,fixed_0.9,standard,0.0,0,0.0,0,0
run-20260223_140331-y3jf09s2,augustocsc/gpt2_base_infix_682k,nguyen_1,best_of_n,,,fixed_0.9,standard,0.01,0,0.0,0,0
run-20260223_140342-9qb0yb4c,augustocsc/gpt2_base_infix_682k,nguyen_1,best_of_n,,,fixed_0.9,standard,0.05,0,0.0,0,0
run-20260223_140354-csivelcx,augustocsc/gpt2_base_infix_682k,nguyen_1,best_of_n,,,fixed_0.9,standard,0.1,0,0.0,0,0
run-20260223_140405-3p0vq6m2,augustocsc/gpt2_base_infix_682k,nguyen_1,best_of_n,,,linear_annealing,distractor,0.0,0,0.0,0,0
run-20260223_140417-owxfo86x,augustocsc/gpt2_base_infix_682k,nguyen_1,best_of_n,,,linear_annealing,distractor,0.01,0,0.0,0,0
run-20260223_140428-io3z7oa4,augustocsc/gpt2_base_infix_682k,nguyen_1,best_of_n,,,linear_annealing,distractor,0.05,0,0.0,0,0
run-20260223_140441-2eb7c7ly,augustocsc/gpt2_base_infix_682k,nguyen_1,best_of_n,,,linear_annealing,distractor,0.1,0,0.0,0,0
run-20260223_140452-tvzi85l7,augustocsc/gpt2_base_infix_682k,nguyen_1,best_of_n,,,linear_annealing,oracle,0.0,0,0.0,0,0
run-20260223_140503-y357fkfb,augustocsc/gpt2_base_infix_682k,nguyen_1,best_of_n,,,linear_annealing,oracle,0.01,0,0.0,0,0
run-20260223_140515-kk1bcxep,augustocsc/gpt2_base_infix_682k,nguyen_1,best_of_n,,,linear_annealing,oracle,0.05,0,0.0,0,0
run-20260223_140527-jnwfbmah,augustocsc/gpt2_base_infix_682k,nguyen_1,best_of_n,,,linear_annealing,oracle,0.1,0,0.0,0,0
run-20260223_140538-12vq0l7f,augustocsc/gpt2_base_infix_682k,nguyen_1,best_of_n,,,linear_annealing,standard,0.0,0,0.0,0,0
run-20260223_140550-rposlbbs,augustocsc/gpt2_base_infix_682k,nguyen_1,best_of_n,,,linear_annealing,standard,0.01,0,0.0,0,0
run-20260223_140602-h70lr107,augustocsc/gpt2_base_infix_682k,nguyen_1,best_of_n,,,linear_annealing,standard,0.05,0,0.0,0,0
run-20260223_140613-d783hb71,augustocsc/gpt2_base_infix_682k,nguyen_1,best_of_n,,,linear_annealing,standard,0.1,0,0.0,0,0
run-20260223_140626-f7ysxi9e,augustocsc/gpt2_base_infix_682k,nguyen_1,bon_grpo,,,cosine_annealing,distractor,0.01,0,0.9036097209565233,0,0
run-20260223_140740-652kq6ym,augustocsc/gpt2_base_infix_682k,nguyen_1,bon_grpo,,,cosine_annealing,distractor,0.05,0,0.8102475412517735,0,0
run-20260223_140901-mh2448ge,augustocsc/gpt2_base_infix_682k,nguyen_1,bon_grpo,,,cosine_annealing,distractor,0.1,0,0.9882139197282521,0,0
run-20260223_141004-w0lryzcj,augustocsc/gpt2_base_infix_682k,nguyen_1,bon_grpo,,,cosine_annealing,oracle,0.0,0,1.0,0,0
run-20260223_141152-5dv6k9s7,augustocsc/gpt2_base_infix_682k,nguyen_1,bon_grpo,,,cosine_annealing,oracle,0.01,0,0.9646589533594127,0,0
run-20260223_141244-qht4xfbf,augustocsc/gpt2_base_infix_682k,nguyen_1,bon_grpo,,,cosine_annealing,oracle,0.05,0,0.9381894268471984,0,0
run-20260223_141336-4t83k4j5,augustocsc/gpt2_base_infix_682k,nguyen_1,bon_grpo,,,cosine_annealing,oracle,0.1,0,0.9919456984099573,0,0
run-20260223_141508-w9ax3jla,augustocsc/gpt2_base_infix_682k,nguyen_1,bon_grpo,,,cosine_annealing,standard,0.0,0,0.9957376209566209,0,0
run-20260223_141604-2i972nwf,augustocsc/gpt2_base_infix_682k,nguyen_1,bon_grpo,,,cosine_annealing,standard,0.01,0,0.9955977593549694,0,0
run-20260223_141700-ks2ncbn5,augustocsc/gpt2_base_infix_682k,nguyen_1,bon_grpo,,,cosine_annealing,standard,0.05,0,0.9934160642114969,0,0
run-20260223_141757-sfmipi4y,augustocsc/gpt2_base_infix_682k,nguyen_1,bon_grpo,,,cosine_annealing,standard,0.1,0,0.9871549135635846,0,0
run-20260223_141855-d3xlwush,augustocsc/gpt2_base_infix_682k,nguyen_1,bon_grpo,,,fixed_0.7,distractor,0.0,0,0.6922850974352428,0,0
run-20260223_141959-bjwlgvxt,augustocsc/gpt2_base_infix_682k,nguyen_1,bon_grpo,,,fixed_0.7,distractor,0.01,0,0.9215720745897404,0,0
run-20260223_142057-llt11aqe,augustocsc/gpt2_base_infix_682k,nguyen_1,bon_grpo,,,fixed_0.7,distractor,0.05,0,0.7256263361179469,0,0
run-20260223_142153-g1djmbsu,augustocsc/gpt2_base_infix_682k,nguyen_1,bon_grpo,,,fixed_0.7,distractor,0.1,0,0.8967149883070338,0,0
run-20260223_142309-wt9xj1kj,augustocsc/gpt2_base_infix_682k,nguyen_1,bon_grpo,,,fixed_0.7,oracle,0.0,0,1.0,0,0
run-20260223_142408-v5vg4sav,augustocsc/gpt2_base_infix_682k,nguyen_1,bon_grpo,,,fixed_0.7,oracle,0.01,0,0.9999174329533496,0,0
run-20260223_142520-jnu9chal,augustocsc/gpt2_base_infix_682k,nguyen_1,bon_grpo,,,fixed_0.7,oracle,0.05,0,0.9678024519114853,0,0
run-20260223_142624-o3h1fe3q,augustocsc/gpt2_base_infix_682k,nguyen_1,bon_grpo,,,fixed_0.7,oracle,0.1,0,0.9919456984099573,0,0
run-20260223_142728-wplk67ql,augustocsc/gpt2_base_infix_682k,nguyen_1,bon_grpo,,,fixed_0.7,standard,0.01,0,0.983616275189806,0,0
run-20260223_142816-leti8u1w,augustocsc/gpt2_base_infix_682k,nguyen_1,bon_grpo,,,fixed_0.7,standard,0.05,0,0.9820607716321068,0,0
run-20260223_142903-xwhgxxlt,augustocsc/gpt2_base_infix_682k,nguyen_1,bon_grpo,,,fixed_0.7,standard,0.1,0,0.9766037926043901,0,0
run-20260223_142952-rhr7gr1l,augustocsc/gpt2_base_infix_682k,nguyen_1,bon_grpo,,,fixed_0.9,distractor,0.0,0,0.7589224512749776,0,0
run-20260223_143115-e3sqsc4v,augustocsc/gpt2_base_infix_682k,nguyen_1,bon_grpo,,,fixed_0.9,distractor,0.01,0,0.45245792753640324,0,0
run-20260223_143203-944pppny,augustocsc/gpt2_base_infix_682k,nguyen_1,bon_grpo,,,fixed_0.9,distractor,0.05,0,0.4286072553669591,0,0
run-20260223_143253-3hg59pkl,augustocsc/gpt2_base_infix_682k,nguyen_1,bon_grpo,,,fixed_0.9,distractor,0.1,0,0.9196836007726626,0,0
run-20260223_143410-t1gvg03v,augustocsc/gpt2_base_infix_682k,nguyen_1,bon_grpo,,,fixed_0.9,oracle,0.0,0,1.0,0,0
run-20260223_143550-g3xlebar,augustocsc/gpt2_base_infix_682k,nguyen_1,bon_grpo,,,fixed_0.9,oracle,0.01,0,0.9999174329533496,0,0
run-20260223_143757-h5wuvl26,augustocsc/gpt2_base_infix_682k,nguyen_1,bon_grpo,,,fixed_0.9,oracle,0.05,0,0.9979553279388851,0,0
run-20260223_143848-jfpm0j6x,augustocsc/gpt2_base_infix_682k,nguyen_1,bon_grpo,,,fixed_0.9,oracle,0.1,0,0.9919456984099573,0,0
run-20260223_143953-51pzc2ja,augustocsc/gpt2_base_infix_682k,nguyen_1,bon_grpo,,,fixed_0.9,standard,0.0,0,0.9957376209566209,0,0
run-20260223_144053-9q8clh5v,augustocsc/gpt2_base_infix_682k,nguyen_1,bon_grpo,,,fixed_0.9,standard,0.01,0,0.9955977593549694,0,0
run-20260223_144153-8gzum0z7,augustocsc/gpt2_base_infix_682k,nguyen_1,bon_grpo,,,fixed_0.9,standard,0.05,0,0.9934160642114969,0,0
run-20260223_144253-weahuxlu,augustocsc/gpt2_base_infix_682k,nguyen_1,bon_grpo,,,fixed_0.9,standard,0.1,0,0.9871549135635846,0,0
run-20260223_144353-uqm1nzwk,augustocsc/gpt2_base_infix_682k,nguyen_1,bon_grpo,,,linear_annealing,distractor,0.0,0,0.908425438685499,0,0
run-20260223_144503-ha34j3e6,augustocsc/gpt2_base_infix_682k,nguyen_1,bon_grpo,,,linear_annealing,distractor,0.01,0,0.6393600345366488,0,0
run-20260223_144609-1focsqku,augustocsc/gpt2_base_infix_682k,nguyen_1,bon_grpo,,,linear_annealing,distractor,0.05,0,0.31070756532150257,0,0
run-20260223_144700-akpq7ezx,augustocsc/gpt2_base_infix_682k,nguyen_1,bon_grpo,,,linear_annealing,distractor,0.1,0,0.9563772796789908,0,0
run-20260223_144831-op41ua9f,augustocsc/gpt2_base_infix_682k,nguyen_1,bon_grpo,,,linear_annealing,oracle,0.0,0,1.0,0,0
run-20260223_144948-f2gtvqu3,augustocsc/gpt2_base_infix_682k,nguyen_1,bon_grpo,,,linear_annealing,oracle,0.01,0,0.9999174329533496,0,0
run-20260223_145141-6iv5bouj,augustocsc/gpt2_base_infix_682k,nguyen_1,bon_grpo,,,linear_annealing,oracle,0.05,0,0.9979553279388851,0,0
run-20260223_145234-qfyfvjqe,augustocsc/gpt2_base_infix_682k,nguyen_1,bon_grpo,,,linear_annealing,oracle,0.1,0,0.9919456984099573,0,0
run-20260223_145352-gk3hol9u,augustocsc/gpt2_base_infix_682k,nguyen_1,bon_grpo,,,linear_annealing,standard,0.0,0,0.9957376209566209,0,0
run-20260223_145448-7at76w5p,augustocsc/gpt2_base_infix_682k,nguyen_1,bon_grpo,,,linear_annealing,standard,0.01,0,0.9955977593549694,0,0
run-20260223_145544-gxfcupfd,augustocsc/gpt2_base_infix_682k,nguyen_1,bon_grpo,,,linear_annealing,standard,0.05,0,0.9934160642114969,0,0
run-20260223_145639-aymp9x2x,augustocsc/gpt2_base_infix_682k,nguyen_1,bon_grpo,,,linear_annealing,standard,0.1,0,0.9871549135635846,0,0
run-20260223_145735-5o1g0azs,augustocsc/gpt2_base_infix_682k,nguyen_1,bon_grpo,,,cosine_annealing,distractor,0.0,0,0.8602393656579055,0,0
run-20260223_145929-j16auyae,augustocsc/gpt2_base_infix_682k,nguyen_1,bon_grpo,,,cosine_annealing,distractor,0.01,0,0.5740117538219505,0,0
run-20260223_150039-ohkdx1h3,augustocsc/gpt2_base_infix_682k,nguyen_1,bon_grpo,,,cosine_annealing,distractor,0.05,0,0.8308302101249992,0,0
run-20260223_150202-8r9zs35g,augustocsc/gpt2_base_infix_682k,nguyen_1,bon_grpo,,,cosine_annealing,distractor,0.1,0,0.8426676963342336,0,0
run-20260223_150327-nqkw0s0p,augustocsc/gpt2_base_infix_682k,nguyen_1,bon_grpo,,,cosine_annealing,oracle,0.0,0,1.0,0,0
run-20260223_150450-o6x9v2jf,augustocsc/gpt2_base_infix_682k,nguyen_1,bon_grpo,,,cosine_annealing,oracle,0.01,0,0.9304535847169024,0,0
run-20260223_150612-w2zmfp7w,augustocsc/gpt2_base_infix_682k,nguyen_1,bon_grpo,,,cosine_annealing,oracle,0.05,0,0.9381894268471984,0,0
run-20260223_150705-dglwq6gi,augustocsc/gpt2_base_infix_682k,nguyen_1,bon_grpo,,,cosine_annealing,oracle,0.1,0,0.8481372291039143,0,0
run-20260223_150807-ykfqu1a6,augustocsc/gpt2_base_infix_682k,nguyen_1,bon_grpo,,,cosine_annealing,standard,0.0,0,0.9957376209566209,0,0
run-20260223_150910-9r3mvx4e,augustocsc/gpt2_base_infix_682k,nguyen_1,bon_grpo,,,cosine_annealing,standard,0.01,0,0.9955977593549694,0,0
run-20260223_151010-ntutxyhx,augustocsc/gpt2_base_infix_682k,nguyen_1,bon_grpo,,,cosine_annealing,standard,0.05,0,0.9934160642114969,0,0
run-20260223_151107-7f5097ms,augustocsc/gpt2_base_infix_682k,nguyen_1,bon_grpo,,,cosine_annealing,standard,0.1,0,0.9871549135635846,0,0
run-20260223_151205-lepq5ca5,augustocsc/gpt2_base_infix_682k,nguyen_1,bon_grpo,,,fixed_0.7,distractor,0.01,0,0.8341846151894982,0,0
run-20260223_151315-jzirzcby,augustocsc/gpt2_base_infix_682k,nguyen_1,bon_grpo,,,fixed_0.7,distractor,0.05,0,0.7086904128853034,0,0
run-20260223_151504-8tcpz3lf,augustocsc/gpt2_base_infix_682k,nguyen_1,bon_grpo,,,fixed_0.7,distractor,0.1,0,0.5652252596136915,0,0
run-20260223_151602-4cme3cv9,augustocsc/gpt2_base_infix_682k,nguyen_1,bon_grpo,,,fixed_0.7,oracle,0.01,0,0.9770286418605459,0,0
run-20260223_151707-qpwk6znh,augustocsc/gpt2_base_infix_682k,nguyen_1,bon_grpo,,,fixed_0.7,oracle,0.05,0,0.9979553279388851,0,0
run-20260223_151831-f9qman0c,augustocsc/gpt2_base_infix_682k,nguyen_1,bon_grpo,,,fixed_0.7,oracle,0.1,0,0.9662192406335643,0,0
run-20260223_151951-r0l5bhim,augustocsc/gpt2_base_infix_682k,nguyen_1,bon_grpo,,,fixed_0.7,standard,0.01,0,0.983616275189806,0,0
run-20260223_152039-wd6q4rzx,augustocsc/gpt2_base_infix_682k,nguyen_1,bon_grpo,,,fixed_0.7,standard,0.05,0,0.9820607716321068,0,0
run-20260223_152128-pfu5ik8c,augustocsc/gpt2_base_infix_682k,nguyen_1,bon_grpo,,,fixed_0.7,standard,0.1,0,0.9766037926043901,0,0
run-20260223_152216-jocj73l2,augustocsc/gpt2_base_infix_682k,nguyen_1,bon_grpo,,,fixed_0.9,distractor,0.0,0,0.9645620157671827,0,0
run-20260223_152350-udb7pjnd,augustocsc/gpt2_base_infix_682k,nguyen_1,bon_grpo,,,fixed_0.9,distractor,0.01,0,0.815575354609568,0,0
run-20260223_152604-ba2a2oqk,augustocsc/gpt2_base_infix_682k,nguyen_1,bon_grpo,,,fixed_0.9,distractor,0.05,0,0.6594952200903512,0,0
run-20260223_152806-pa10qfza,augustocsc/gpt2_base_infix_682k,nguyen_1,bon_grpo,,,fixed_0.9,distractor,0.1,0,0.6948421767176775,0,0
run-20260223_152927-ezmbrfwl,augustocsc/gpt2_base_infix_682k,nguyen_1,bon_grpo,,,fixed_0.9,oracle,0.0,0,1.0,0,0
run-20260223_153114-462bgzbu,augustocsc/gpt2_base_infix_682k,nguyen_1,bon_grpo,,,fixed_0.9,oracle,0.01,0,0.9999174329533496,0,0
run-20260223_153212-zeyivo2j,augustocsc/gpt2_base_infix_682k,nguyen_1,bon_grpo,,,fixed_0.9,oracle,0.05,0,0.9979553279388851,0,0
run-20260223_153308-88du5u2w,augustocsc/gpt2_base_infix_682k,nguyen_1,bon_grpo,,,fixed_0.9,oracle,0.1,0,0.9919456984099573,0,0
run-20260223_153406-5bx9rxdo,augustocsc/gpt2_base_infix_682k,nguyen_1,bon_grpo,,,fixed_0.9,standard,0.0,0,0.9957376209566209,0,0
run-20260223_153506-pmiurku1,augustocsc/gpt2_base_infix_682k,nguyen_1,bon_grpo,,,fixed_0.9,standard,0.01,0,0.9955977593549694,0,0
run-20260223_153607-n3fxckke,augustocsc/gpt2_base_infix_682k,nguyen_1,bon_grpo,,,fixed_0.9,standard,0.05,0,0.9934160642114969,0,0
run-20260223_153707-5qg063z9,augustocsc/gpt2_base_infix_682k,nguyen_1,bon_grpo,,,fixed_0.9,standard,0.1,0,0.9871549135635846,0,0
run-20260223_153807-1spdzj93,augustocsc/gpt2_base_infix_682k,nguyen_1,bon_grpo,,,linear_annealing,distractor,0.0,0,0.8607792092243778,0,0
run-20260223_153928-vp7h4nzj,augustocsc/gpt2_base_infix_682k,nguyen_1,bon_grpo,,,linear_annealing,distractor,0.01,0,0.6234157838188128,0,0
run-20260223_154024-tzj8qq92,augustocsc/gpt2_base_infix_682k,nguyen_1,bon_grpo,,,linear_annealing,distractor,0.05,0,0.8928053354603156,0,0
run-20260223_154126-2gl6mgdl,augustocsc/gpt2_base_infix_682k,nguyen_1,bon_grpo,,,linear_annealing,distractor,0.1,0,0.6863658332325528,0,0
run-20260223_154300-flzgkk0u,augustocsc/gpt2_base_infix_682k,nguyen_1,bon_grpo,,,linear_annealing,oracle,0.0,0,1.0,0,0
run-20260223_154352-urco7mk5,augustocsc/gpt2_base_infix_682k,nguyen_1,bon_grpo,,,linear_annealing,oracle,0.01,0,0.9999174329533496,0,0
run-20260223_154450-ajbelxlz,augustocsc/gpt2_base_infix_682k,nguyen_1,bon_grpo,,,linear_annealing,oracle,0.05,0,0.9634635979629163,0,0
run-20260223_154542-w6g76y97,augustocsc/gpt2_base_infix_682k,nguyen_1,bon_grpo,,,linear_annealing,oracle,0.1,0,0.9919456984099573,0,0
run-20260223_154701-caae8m80,augustocsc/gpt2_base_infix_682k,nguyen_1,bon_grpo,,,linear_annealing,standard,0.0,0,0.9957376209566209,0,0
run-20260223_154757-7e3uglhn,augustocsc/gpt2_base_infix_682k,nguyen_1,bon_grpo,,,linear_annealing,standard,0.01,0,0.9955977593549694,0,0
run-20260223_154852-3di1rw97,augustocsc/gpt2_base_infix_682k,nguyen_1,bon_grpo,,,linear_annealing,standard,0.05,0,0.9934160642114969,0,0
run-20260223_154948-f8zcup71,augustocsc/gpt2_base_infix_682k,nguyen_1,bon_grpo,,,linear_annealing,standard,0.1,0,0.9871549135635846,0,0
run-20260223_155044-uzhrnj1w,augustocsc/gpt2_base_infix_682k,nguyen_1,bon_grpo,,,cosine_annealing,distractor,0.0,0,0.5115383153178041,0,0
run-20260223_155141-yfmwi4ou,augustocsc/gpt2_base_infix_682k,nguyen_1,bon_grpo,,,cosine_annealing,distractor,0.01,0,0.5459429779190452,0,0
run-20260223_155253-tsam29mv,augustocsc/gpt2_base_infix_682k,nguyen_1,bon_grpo,,,cosine_annealing,distractor,0.05,0,0.8668504272311794,0,0
run-20260223_155403-0l1d8wzi,augustocsc/gpt2_base_infix_682k,nguyen_1,bon_grpo,,,cosine_annealing,distractor,0.1,0,0.7008082554809254,0,0
run-20260223_155502-7otu64gq,augustocsc/gpt2_base_infix_682k,nguyen_1,bon_grpo,,,cosine_annealing,oracle,0.01,0,0.9999174329533496,0,0
run-20260223_155553-wl3qlbfp,augustocsc/gpt2_base_infix_682k,nguyen_1,bon_grpo,,,cosine_annealing,oracle,0.05,0,0.9979553279388851,0,0
run-20260223_155712-9a0ptun5,augustocsc/gpt2_base_infix_682k,nguyen_1,bon_grpo,,,cosine_annealing,oracle,0.1,0,0.9919456984099573,0,0
run-20260223_155831-8ae8m9d3,augustocsc/gpt2_base_infix_682k,nguyen_1,bon_grpo,,,cosine_annealing,standard,0.01,0,0.9955977593549694,0,0
run-20260223_155927-3k2rjx6d,augustocsc/gpt2_base_infix_682k,nguyen_1,bon_grpo,,,cosine_annealing,standard,0.05,0,0.9934160642114969,0,0
run-20260223_160022-s9aj4lpa,augustocsc/gpt2_base_infix_682k,nguyen_1,bon_grpo,,,cosine_annealing,standard,0.1,0,0.9871549135635846,0,0
run-20260223_160118-igwzkvyu,augustocsc/gpt2_base_infix_682k,nguyen_1,bon_grpo,,,fixed_0.7,distractor,0.0,0,0.5066296355232796,0,0
run-20260223_160225-vicw1dnj,augustocsc/gpt2_base_infix_682k,nguyen_1,bon_grpo,,,fixed_0.7,distractor,0.01,0,0.9304535847169024,0,0
run-20260223_160324-en2eoljk,augustocsc/gpt2_base_infix_682k,nguyen_1,bon_grpo,,,fixed_0.7,distractor,0.05,0,0.48310043575674233,0,0
run-20260223_160413-tbyzncum,augustocsc/gpt2_base_infix_682k,nguyen_1,bon_grpo,,,fixed_0.7,distractor,0.1,0,0.9585122940266477,0,0
run-20260223_160526-ocbvg6j1,augustocsc/gpt2_base_infix_682k,nguyen_1,bon_grpo,,,fixed_0.7,oracle,0.0,0,0.9803419088422382,0,0
run-20260223_160637-rqo9l8xp,augustocsc/gpt2_base_infix_682k,nguyen_1,bon_grpo,,,fixed_0.7,oracle,0.01,0,0.9999174329533496,0,0
run-20260223_160735-u2qyn7yj,augustocsc/gpt2_base_infix_682k,nguyen_1,bon_grpo,,,fixed_0.7,oracle,0.05,0,0.9979553279388851,0,0
run-20260223_160907-n4fdyplo,augustocsc/gpt2_base_infix_682k,nguyen_1,bon_grpo,,,fixed_0.7,oracle,0.1,0,0.9167146462258776,0,0
run-20260223_161005-k791jtug,augustocsc/gpt2_base_infix_682k,nguyen_1,bon_grpo,,,fixed_0.7,standard,0.0,0,0.9836026740471949,0,0
run-20260223_161053-hwd43pu1,augustocsc/gpt2_base_infix_682k,nguyen_1,bon_grpo,,,fixed_0.7,standard,0.01,0,0.983616275189806,0,0
run-20260223_161141-n2wcmn2m,augustocsc/gpt2_base_infix_682k,nguyen_1,bon_grpo,,,fixed_0.7,standard,0.05,0,0.9820607716321068,0,0
run-20260223_161230-ujymi9x5,augustocsc/gpt2_base_infix_682k,nguyen_1,bon_grpo,,,fixed_0.7,standard,0.1,0,0.9766037926043901,0,0
run-20260223_161319-1ye9dpy7,augustocsc/gpt2_base_infix_682k,nguyen_1,bon_grpo,,,fixed_0.9,distractor,0.0,0,0.8243504362012173,0,0
run-20260223_161436-t94ay6nk,augustocsc/gpt2_base_infix_682k,nguyen_1,bon_grpo,,,fixed_0.9,distractor,0.01,0,0.9719553651924787,0,0
run-20260223_161601-oxd88q4x,augustocsc/gpt2_base_infix_682k,nguyen_1,bon_grpo,,,fixed_0.9,distractor,0.05,0,0.9562084123692536,0,0
run-20260223_161652-nd3d2w7i,augustocsc/gpt2_base_infix_682k,nguyen_1,bon_grpo,,,fixed_0.9,distractor,0.1,0,0.5256406122513002,0,0
run-20260223_161814-9aiz3whi,augustocsc/gpt2_base_infix_682k,nguyen_1,bon_grpo,,,fixed_0.9,oracle,0.0,0,1.0,0,0
run-20260223_162002-hx6wd7zc,augustocsc/gpt2_base_infix_682k,nguyen_1,bon_grpo,,,fixed_0.9,oracle,0.01,0,0.9804388413766979,0,0
run-20260223_162101-g9bgx73t,augustocsc/gpt2_base_infix_682k,nguyen_1,bon_grpo,,,fixed_0.9,oracle,0.05,0,0.9979553279388851,0,0
run-20260223_162235-cr5sopgr,augustocsc/gpt2_base_infix_682k,nguyen_1,bon_grpo,,,fixed_0.9,oracle,0.1,0,0.9919456984099573,0,0
run-20260223_162342-9kq7w82s,augustocsc/gpt2_base_infix_682k,nguyen_1,bon_grpo,,,fixed_0.9,standard,0.0,0,0.9957376209566209,0,0
run-20260223_162444-skuwsw3v,augustocsc/gpt2_base_infix_682k,nguyen_1,bon_grpo,,,fixed_0.9,standard,0.01,0,0.9955977593549694,0,0
run-20260223_162547-1bqqqwzn,augustocsc/gpt2_base_infix_682k,nguyen_1,bon_grpo,,,fixed_0.9,standard,0.05,0,0.9934160642114969,0,0
run-20260223_162649-oqmvem4w,augustocsc/gpt2_base_infix_682k,nguyen_1,bon_grpo,,,fixed_0.9,standard,0.1,0,0.9871549135635846,0,0
run-20260223_162752-6bo0uutf,augustocsc/gpt2_base_infix_682k,nguyen_1,bon_grpo,,,linear_annealing,distractor,0.01,0,0.9336068618409844,0,0
run-20260223_162905-5qrltfo0,augustocsc/gpt2_base_infix_682k,nguyen_1,bon_grpo,,,linear_annealing,distractor,0.05,0,0.6504113183877983,0,0
run-20260223_163027-ejc0qz91,augustocsc/gpt2_base_infix_682k,nguyen_1,bon_grpo,,,linear_annealing,distractor,0.1,0,0.8400192742005194,0,0
run-20260223_163132-ppq2uw2z,augustocsc/gpt2_base_infix_682k,nguyen_1,bon_grpo,,,linear_annealing,oracle,0.0,0,1.0,0,0
run-20260223_163254-zvizl8cq,augustocsc/gpt2_base_infix_682k,nguyen_1,bon_grpo,,,linear_annealing,oracle,0.01,0,0.9646589533594127,0,0
run-20260223_163409-0egbs4wd,augustocsc/gpt2_base_infix_682k,nguyen_1,bon_grpo,,,linear_annealing,oracle,0.05,0,0.9979553279388851,0,0
run-20260223_163541-1bybrb9f,augustocsc/gpt2_base_infix_682k,nguyen_1,bon_grpo,,,linear_annealing,oracle,0.1,0,0.9741792423970366,0,0
run-20260223_163638-5dx0jn7s,augustocsc/gpt2_base_infix_682k,nguyen_1,bon_grpo,,,linear_annealing,standard,0.0,0,0.9957376209566209,0,0
run-20260223_163734-c4yi2l2q,augustocsc/gpt2_base_infix_682k,nguyen_1,bon_grpo,,,linear_annealing,standard,0.01,0,0.9955977593549694,0,0
run-20260223_163829-l6kip2i6,augustocsc/gpt2_base_infix_682k,nguyen_1,bon_grpo,,,linear_annealing,standard,0.05,0,0.9934160642114969,0,0
run-20260223_163925-w4o1sw2g,augustocsc/gpt2_base_infix_682k,nguyen_1,bon_grpo,,,linear_annealing,standard,0.1,0,0.9871549135635846,0,0
run-20260223_164020-heqtafow,augustocsc/gpt2_base_infix_682k,nguyen_1,bon_grpo,,,cosine_annealing,distractor,0.01,0,0.9304535847169024,0,0
run-20260223_164201-hzohy6df,augustocsc/gpt2_base_infix_682k,nguyen_1,bon_grpo,,,cosine_annealing,distractor,0.05,0,0.8129355417407421,0,0
run-20260223_164328-yqwwx0g3,augustocsc/gpt2_base_infix_682k,nguyen_1,bon_grpo,,,cosine_annealing,distractor,0.1,0,0.898283641066832,0,0
run-20260223_164446-qn9hvstz,augustocsc/gpt2_base_infix_682k,nguyen_1,bon_grpo,,,cosine_annealing,oracle,0.01,0,0.9999174329533496,0,0
run-20260223_164711-0xtbxq1r,augustocsc/gpt2_base_infix_682k,nguyen_1,bon_grpo,,,cosine_annealing,oracle,0.05,0,0.9979553279388851,0,0
run-20260223_164818-l4ukk32x,augustocsc/gpt2_base_infix_682k,nguyen_1,bon_grpo,,,cosine_annealing,oracle,0.1,0,0.9662192406335643,0,0
run-20260223_164939-oirdkxh8,augustocsc/gpt2_base_infix_682k,nguyen_1,bon_grpo,,,cosine_annealing,standard,0.01,0,0.9955977593549694,0,0
run-20260223_165038-0t17l4xu,augustocsc/gpt2_base_infix_682k,nguyen_1,bon_grpo,,,cosine_annealing,standard,0.05,0,0.9934160642114969,0,0
run-20260223_165134-0dpfbnx8,augustocsc/gpt2_base_infix_682k,nguyen_1,bon_grpo,,,cosine_annealing,standard,0.1,0,0.9871549135635846,0,0
run-20260223_165230-cn9ukvop,augustocsc/gpt2_base_infix_682k,nguyen_1,bon_grpo,,,fixed_0.7,distractor,0.0,0,0.8302645458551955,0,0
run-20260223_165355-l3ifvro3,augustocsc/gpt2_base_infix_682k,nguyen_1,bon_grpo,,,fixed_0.7,distractor,0.01,0,0.4524746668647641,0,0
run-20260223_165451-n6fnq20g,augustocsc/gpt2_base_infix_682k,nguyen_1,bon_grpo,,,fixed_0.7,distractor,0.05,0,0.9678024519114853,0,0
run-20260223_165731-etlhnnkx,augustocsc/gpt2_base_infix_682k,nguyen_1,bon_grpo,,,fixed_0.7,distractor,0.1,0,0.9675269065831932,0,0
run-20260223_165825-jgj35ket,augustocsc/gpt2_base_infix_682k,nguyen_1,bon_grpo,,,fixed_0.7,oracle,0.0,0,0.9645620157671827,0,0
run-20260223_170016-rjxz82zd,augustocsc/gpt2_base_infix_682k,nguyen_1,bon_grpo,,,fixed_0.7,oracle,0.01,0,0.9999174329533496,0,0
run-20260223_170126-f6ixvxmp,augustocsc/gpt2_base_infix_682k,nguyen_1,bon_grpo,,,fixed_0.7,oracle,0.05,0,0.9979553279388851,0,0
run-20260223_170317-jrhxnunu,augustocsc/gpt2_base_infix_682k,nguyen_1,bon_grpo,,,fixed_0.7,oracle,0.1,0,0.9919456984099573,0,0
run-20260223_170511-kz30bchn,augustocsc/gpt2_base_infix_682k,nguyen_1,bon_grpo,,,fixed_0.7,standard,0.0,0,0.9836026740471949,0,0
run-20260223_170558-x5n9x51u,augustocsc/gpt2_base_infix_682k,nguyen_1,bon_grpo,,,fixed_0.7,standard,0.01,0,0.983616275189806,0,0
run-20260223_170646-949d1qys,augustocsc/gpt2_base_infix_682k,nguyen_1,bon_grpo,,,fixed_0.7,standard,0.05,0,0.9820607716321068,0,0
run-20260223_170734-essekjh5,augustocsc/gpt2_base_infix_682k,nguyen_1,bon_grpo,,,fixed_0.7,standard,0.1,0,0.9766037926043901,0,0
run-20260223_170822-a8h6fhhp,augustocsc/gpt2_base_infix_682k,nguyen_1,bon_grpo,,,fixed_0.9,distractor,0.0,0,0.8527279760974101,0,0
run-20260223_170925-qvyind7a,augustocsc/gpt2_base_infix_682k,nguyen_1,bon_grpo,,,fixed_0.9,distractor,0.01,0,0.8405825240925003,0,0
run-20260223_171040-mfqqvr5j,augustocsc/gpt2_base_infix_682k,nguyen_1,bon_grpo,,,fixed_0.9,distractor,0.05,0,0.7802376155846154,0,0
run-20260223_171144-fm9pe3mt,augustocsc/gpt2_base_infix_682k,nguyen_1,bon_grpo,,,fixed_0.9,distractor,0.1,0,0.9153256180588933,0,0
run-20260223_171259-pwvyl16h,augustocsc/gpt2_base_infix_682k,nguyen_1,bon_grpo,,,fixed_0.9,oracle,0.0,0,1.0,0,0
run-20260223_171400-r5mxjvyx,augustocsc/gpt2_base_infix_682k,nguyen_1,bon_grpo,,,fixed_0.9,oracle,0.01,0,0.9770286418605459,0,0
run-20260223_171457-bz4tuq2s,augustocsc/gpt2_base_infix_682k,nguyen_1,bon_grpo,,,fixed_0.9,oracle,0.05,0,0.9367151316797541,0,0
run-20260223_171555-4yv71rcf,augustocsc/gpt2_base_infix_682k,nguyen_1,bon_grpo,,,fixed_0.9,oracle,0.1,0,0.9919456984099573,0,0
run-20260223_171810-r2jb2hye,augustocsc/gpt2_base_infix_682k,nguyen_1,bon_grpo,,,fixed_0.9,standard,0.0,0,0.9957376209566209,0,0
run-20260223_171911-ezgmwap5,augustocsc/gpt2_base_infix_682k,nguyen_1,bon_grpo,,,fixed_0.9,standard,0.01,0,0.9955977593549694,0,0
run-20260223_172014-53c0g6ln,augustocsc/gpt2_base_infix_682k,nguyen_1,bon_grpo,,,fixed_0.9,standard,0.05,0,0.9934160642114969,0,0
run-20260223_172118-um378c8y,augustocsc/gpt2_base_infix_682k,nguyen_1,bon_grpo,,,fixed_0.9,standard,0.1,0,0.9871549135635846,0,0
run-20260223_172222-sm8l1pmq,augustocsc/gpt2_base_infix_682k,nguyen_1,bon_grpo,,,linear_annealing,distractor,0.0,0,0.7346339117912044,0,0
run-20260223_172413-1ateow1s,augustocsc/gpt2_base_infix_682k,nguyen_1,bon_grpo,,,linear_annealing,distractor,0.01,0,0.8373440044281957,0,0
run-20260223_172556-nfwyt56w,augustocsc/gpt2_base_infix_682k,nguyen_1,bon_grpo,,,linear_annealing,distractor,0.05,0,0.7388164072389101,0,0
run-20260223_172654-sdnx5umm,augustocsc/gpt2_base_infix_682k,nguyen_1,bon_grpo,,,linear_annealing,distractor,0.1,0,0.7200636484675074,0,0
run-20260223_172821-dqy6r8l9,augustocsc/gpt2_base_infix_682k,nguyen_1,bon_grpo,,,linear_annealing,oracle,0.0,0,1.0,0,0
run-20260223_172954-sqka17oq,augustocsc/gpt2_base_infix_682k,nguyen_1,bon_grpo,,,linear_annealing,oracle,0.01,0,0.9804388413766979,0,0
run-20260223_173100-wxmmn8rc,augustocsc/gpt2_base_infix_682k,nguyen_1,bon_grpo,,,linear_annealing,oracle,0.05,0,0.9979553279388851,0,0
run-20260223_173213-ijzsqnab,augustocsc/gpt2_base_infix_682k,nguyen_1,bon_grpo,,,linear_annealing,oracle,0.1,0,0.9919456984099573,0,0
run-20260223_173315-8ynamjbl,augustocsc/gpt2_base_infix_682k,nguyen_1,bon_grpo,,,linear_annealing,standard,0.0,0,0.9957376209566209,0,0
run-20260223_173411-yvgybltj,augustocsc/gpt2_base_infix_682k,nguyen_1,bon_grpo,,,linear_annealing,standard,0.01,0,0.9955977593549694,0,0
run-20260223_173506-xua862go,augustocsc/gpt2_base_infix_682k,nguyen_1,bon_grpo,,,linear_annealing,standard,0.05,0,0.9934160642114969,0,0
run-20260223_173602-li87q5o9,augustocsc/gpt2_base_infix_682k,nguyen_1,bon_grpo,,,linear_annealing,standard,0.1,0,0.9871549135635846,0,0
run-20260223_173659-kfmf2e4e,augustocsc/gpt2_base_infix_682k,nguyen_1,bon_grpo,,,cosine_annealing,distractor,0.0,0,0.29803566761582356,0,0
run-20260223_173749-ad7l8bd9,augustocsc/gpt2_base_infix_682k,nguyen_1,bon_grpo,,,cosine_annealing,distractor,0.01,0,0.9637708949250383,0,0
run-20260223_174011-wuadorrv,augustocsc/gpt2_base_infix_682k,nguyen_1,bon_grpo,,,cosine_annealing,distractor,0.05,0,0.7955473277717955,0,0
run-20260223_174128-iwbmkakv,augustocsc/gpt2_base_infix_682k,nguyen_1,bon_grpo,,,cosine_annealing,distractor,0.1,0,0.5547806476411413,0,0
run-20260223_174233-1a8ye7ke,augustocsc/gpt2_base_infix_682k,nguyen_1,bon_grpo,,,cosine_annealing,oracle,0.0,0,1.0,0,0
run-20260223_174325-jsprg11h,augustocsc/gpt2_base_infix_682k,nguyen_1,bon_grpo,,,cosine_annealing,oracle,0.01,0,0.9215720745897404,0,0
run-20260223_174416-erqftymw,augustocsc/gpt2_base_infix_682k,nguyen_1,bon_grpo,,,cosine_annealing,oracle,0.05,0,0.9381894268471984,0,0
run-20260223_174508-1httdg3j,augustocsc/gpt2_base_infix_682k,nguyen_1,bon_grpo,,,cosine_annealing,oracle,0.1,0,0.9919456984099573,0,0
run-20260223_174644-cnu7uxyo,augustocsc/gpt2_base_infix_682k,nguyen_1,bon_grpo,,,cosine_annealing,standard,0.0,0,0.9957376209566209,0,0
run-20260223_174739-203tb479,augustocsc/gpt2_base_infix_682k,nguyen_1,bon_grpo,,,cosine_annealing,standard,0.01,0,0.9955977593549694,0,0
run-20260223_174835-06z85qer,augustocsc/gpt2_base_infix_682k,nguyen_1,bon_grpo,,,cosine_annealing,standard,0.05,0,0.9934160642114969,0,0
run-20260223_174930-em28yayt,augustocsc/gpt2_base_infix_682k,nguyen_1,bon_grpo,,,cosine_annealing,standard,0.1,0,0.9871549135635846,0,0
run-20260223_175026-je7my5xf,augustocsc/gpt2_base_infix_682k,nguyen_1,bon_grpo,,,fixed_0.7,distractor,0.01,0,0.8984336076042154,0,0
run-20260223_175140-mj1utpdj,augustocsc/gpt2_base_infix_682k,nguyen_1,bon_grpo,,,fixed_0.7,distractor,0.05,0,0.797031304593526,0,0
run-20260223_175254-xk59b57l,augustocsc/gpt2_base_infix_682k,nguyen_1,bon_grpo,,,fixed_0.7,distractor,0.1,0,0.5653309306390838,0,0
run-20260223_175340-ipqwr6c1,augustocsc/gpt2_base_infix_682k,nguyen_1,bon_grpo,,,fixed_0.7,oracle,0.01,0,0.9999174329533496,0,0
run-20260223_175511-3tkq8fp2,augustocsc/gpt2_base_infix_682k,nguyen_1,bon_grpo,,,fixed_0.7,oracle,0.05,0,0.979217990684275,0,0
run-20260223_175702-irh2flns,augustocsc/gpt2_base_infix_682k,nguyen_1,bon_grpo,,,fixed_0.7,oracle,0.1,0,0.9919456984099573,0,0
run-20260223_175813-jo7pfwks,augustocsc/gpt2_base_infix_682k,nguyen_1,bon_grpo,,,fixed_0.7,standard,0.0,0,0.9836026740471949,0,0
run-20260223_175900-65a8mp0p,augustocsc/gpt2_base_infix_682k,nguyen_1,bon_grpo,,,fixed_0.7,standard,0.01,0,0.983616275189806,0,0
run-20260223_175948-zc61e3c6,augustocsc/gpt2_base_infix_682k,nguyen_1,bon_grpo,,,fixed_0.7,standard,0.05,0,0.9820607716321068,0,0
run-20260223_180036-osw8bvne,augustocsc/gpt2_base_infix_682k,nguyen_1,bon_grpo,,,fixed_0.7,standard,0.1,0,0.9766037926043901,0,0
run-20260223_180124-6cag3p03,augustocsc/gpt2_base_infix_682k,nguyen_1,bon_grpo,,,fixed_0.9,distractor,0.0,0,0.8159045633535251,0,0
run-20260223_180226-irvozog5,augustocsc/gpt2_base_infix_682k,nguyen_1,bon_grpo,,,fixed_0.9,distractor,0.01,0,0.9089486552495998,0,0
run-20260223_180416-xav3spjv,augustocsc/gpt2_base_infix_682k,nguyen_1,bon_grpo,,,fixed_0.9,distractor,0.05,0,0.9623796047357119,0,0
run-20260223_180526-rs67bx5g,augustocsc/gpt2_base_infix_682k,nguyen_1,bon_grpo,,,fixed_0.9,distractor,0.1,0,0.898283641066832,0,0
run-20260223_180629-vt7drd1v,augustocsc/gpt2_base_infix_682k,nguyen_1,bon_grpo,,,fixed_0.9,oracle,0.0,0,1.0,0,0
run-20260223_180815-xgc931k1,augustocsc/gpt2_base_infix_682k,nguyen_1,bon_grpo,,,fixed_0.9,oracle,0.01,0,0.9999174329533496,0,0
run-20260223_180907-wi70qgg7,augustocsc/gpt2_base_infix_682k,nguyen_1,bon_grpo,,,fixed_0.9,oracle,0.05,0,0.9979553279388851,0,0
run-20260223_181020-cbppomao,augustocsc/gpt2_base_infix_682k,nguyen_1,bon_grpo,,,fixed_0.9,oracle,0.1,0,0.9741792423970366,0,0
run-20260223_181117-cc6ld1dy,augustocsc/gpt2_base_infix_682k,nguyen_1,bon_grpo,,,fixed_0.9,standard,0.01,0,0.9955977593549694,0,0
run-20260223_181221-rt9f2fqg,augustocsc/gpt2_base_infix_682k,nguyen_1,bon_grpo,,,fixed_0.9,standard,0.05,0,0.9934160642114969,0,0
run-20260223_181322-ejv4gmvc,augustocsc/gpt2_base_infix_682k,nguyen_1,bon_grpo,,,fixed_0.9,standard,0.1,0,0.9871549135635846,0,0
run-20260223_181427-3x7fxpdn,augustocsc/gpt2_base_infix_682k,nguyen_1,bon_grpo,,,linear_annealing,distractor,0.0,0,0.6876848750747111,0,0
run-20260223_181529-18m0j1zx,augustocsc/gpt2_base_infix_682k,nguyen_1,bon_grpo,,,linear_annealing,distractor,0.01,0,0.6521774631520798,0,0
run-20260223_181628-31znjay9,augustocsc/gpt2_base_infix_682k,nguyen_1,bon_grpo,,,linear_annealing,distractor,0.05,0,0.835817862236088,0,0
run-20260223_181723-tjn7yv1e,augustocsc/gpt2_base_infix_682k,nguyen_1,bon_grpo,,,linear_annealing,distractor,0.1,0,0.8261612622161154,0,0
run-20260223_181814-qnul056a,augustocsc/gpt2_base_infix_682k,nguyen_1,bon_grpo,,,linear_annealing,oracle,0.0,0,1.0,0,0
run-20260223_182017-3vs8ydr1,augustocsc/gpt2_base_infix_682k,nguyen_1,bon_grpo,,,linear_annealing,oracle,0.01,0,0.9999174329533496,0,0
run-20260223_182145-6v1l1uxe,augustocsc/gpt2_base_infix_682k,nguyen_1,bon_grpo,,,linear_annealing,oracle,0.05,0,0.9737489225134991,0,0
run-20260223_182311-r16kh5o9,augustocsc/gpt2_base_infix_682k,nguyen_1,bon_grpo,,,linear_annealing,oracle,0.1,0,0.9919456984099573,0,0
run-20260223_182440-c4juevse,augustocsc/gpt2_base_infix_682k,nguyen_1,bon_grpo,,,linear_annealing,standard,0.0,0,0.9957376209566209,0,0
run-20260223_182538-kkpl99nf,augustocsc/gpt2_base_infix_682k,nguyen_1,bon_grpo,,,linear_annealing,standard,0.01,0,0.9955977593549694,0,0
run-20260223_182637-gn3nwabp,augustocsc/gpt2_base_infix_682k,nguyen_1,bon_grpo,,,linear_annealing,standard,0.05,0,0.9934160642114969,0,0
run-20260223_182735-p7l3kg8o,augustocsc/gpt2_base_infix_682k,nguyen_1,bon_grpo,,,linear_annealing,standard,0.1,0,0.9871549135635846,0,0
run-20260223_182830-9ybwy6q2,augustocsc/gpt2_base_infix_682k,nguyen_1,bon_grpo,,,cosine_annealing,distractor,0.0,0,0.872585170409131,0,0
run-20260223_182932-fy3sdhru,augustocsc/gpt2_base_infix_682k,nguyen_1,bon_grpo,,,cosine_annealing,distractor,0.01,0,0.8831857447115183,0,0
run-20260223_183045-wjqya7jq,augustocsc/gpt2_base_infix_682k,nguyen_1,bon_grpo,,,cosine_annealing,distractor,0.05,0,0.7600433470950586,0,0
run-20260223_183148-vm4vu0f8,augustocsc/gpt2_base_infix_682k,nguyen_1,bon_grpo,,,cosine_annealing,distractor,0.1,0,0.8188303423223295,0,0
run-20260223_183258-d7zo4pzc,augustocsc/gpt2_base_infix_682k,nguyen_1,bon_grpo,,,cosine_annealing,oracle,0.0,0,1.0,0,0
run-20260223_183354-xwu9lkvi,augustocsc/gpt2_base_infix_682k,nguyen_1,bon_grpo,,,cosine_annealing,oracle,0.01,0,0.9215720745897404,0,0
run-20260223_183445-pt1gd53n,augustocsc/gpt2_base_infix_682k,nguyen_1,bon_grpo,,,cosine_annealing,oracle,0.05,0,0.9979553279388851,0,0
run-20260223_183550-2e222m05,augustocsc/gpt2_base_infix_682k,nguyen_1,bon_grpo,,,cosine_annealing,oracle,0.1,0,0.9919456984099573,0,0
run-20260223_183709-4jwilk3s,augustocsc/gpt2_base_infix_682k,nguyen_1,bon_grpo,,,cosine_annealing,standard,0.0,0,0.9957376209566209,0,0
run-20260223_183804-9qt60ynn,augustocsc/gpt2_base_infix_682k,nguyen_1,bon_grpo,,,cosine_annealing,standard,0.01,0,0.9955977593549694,0,0
run-20260223_183901-cmbin425,augustocsc/gpt2_base_infix_682k,nguyen_1,bon_grpo,,,cosine_annealing,standard,0.05,0,0.9934160642114969,0,0
run-20260223_183957-ttr8umke,augustocsc/gpt2_base_infix_682k,nguyen_1,bon_grpo,,,cosine_annealing,standard,0.1,0,0.9871549135635846,0,0
run-20260223_184052-vj6htgdg,augustocsc/gpt2_base_infix_682k,nguyen_1,bon_grpo,,,fixed_0.7,distractor,0.01,0,0.666188815846942,0,0
run-20260223_184205-87lwvmd7,augustocsc/gpt2_base_infix_682k,nguyen_1,bon_grpo,,,fixed_0.7,distractor,0.05,0,0.8349911307334328,0,0
run-20260223_184306-2s5uuz49,augustocsc/gpt2_base_infix_682k,nguyen_1,bon_grpo,,,fixed_0.7,distractor,0.1,0,0.8492909790408083,0,0
run-20260223_184400-67sybi3z,augustocsc/gpt2_base_infix_682k,nguyen_1,bon_grpo,,,fixed_0.7,oracle,0.0,0,1.0,0,0
run-20260223_184510-a2oeizbz,augustocsc/gpt2_base_infix_682k,nguyen_1,bon_grpo,,,fixed_0.7,oracle,0.01,0,0.9215720745897404,0,0
run-20260223_184627-5cycovd2,augustocsc/gpt2_base_infix_682k,nguyen_1,bon_grpo,,,fixed_0.7,oracle,0.05,0,0.9979553279388851,0,0
run-20260223_184751-oepcok7q,augustocsc/gpt2_base_infix_682k,nguyen_1,bon_grpo,,,fixed_0.7,oracle,0.1,0,0.9919456984099573,0,0
run-20260223_184942-04w70oq3,augustocsc/gpt2_base_infix_682k,nguyen_1,bon_grpo,,,fixed_0.7,standard,0.0,0,0.9836026740471949,0,0
run-20260223_185030-jrd0rtbf,augustocsc/gpt2_base_infix_682k,nguyen_1,bon_grpo,,,fixed_0.7,standard,0.01,0,0.983616275189806,0,0
run-20260223_185118-up6izbpr,augustocsc/gpt2_base_infix_682k,nguyen_1,bon_grpo,,,fixed_0.7,standard,0.05,0,0.9820607716321068,0,0
run-20260223_185206-cet999zf,augustocsc/gpt2_base_infix_682k,nguyen_1,bon_grpo,,,fixed_0.7,standard,0.1,0,0.9766037926043901,0,0
run-20260223_185254-b1opdtzs,augustocsc/gpt2_base_infix_682k,nguyen_1,bon_grpo,,,fixed_0.9,distractor,0.01,0,0.6859228527126833,0,0
run-20260223_185349-3kvqvxuo,augustocsc/gpt2_base_infix_682k,nguyen_1,bon_grpo,,,fixed_0.9,distractor,0.05,0,0.952705429921306,0,0
run-20260223_185504-r8vq5c5s,augustocsc/gpt2_base_infix_682k,nguyen_1,bon_grpo,,,fixed_0.9,distractor,0.1,0,0.9626887060211005,0,0
run-20260223_185615-yzqcsmcg,augustocsc/gpt2_base_infix_682k,nguyen_1,bon_grpo,,,fixed_0.9,oracle,0.01,0,0.9999174329533496,0,0
run-20260223_185752-8b78a7yl,augustocsc/gpt2_base_infix_682k,nguyen_1,bon_grpo,,,fixed_0.9,oracle,0.05,0,0.9979553279388851,0,0
run-20260223_185930-dby4m427,augustocsc/gpt2_base_infix_682k,nguyen_1,bon_grpo,,,fixed_0.9,oracle,0.1,0,0.9291028592163257,0,0
run-20260223_190033-xiyoq3b9,augustocsc/gpt2_base_infix_682k,nguyen_1,bon_grpo,,,fixed_0.9,standard,0.01,0,0.9955977593549694,0,0
run-20260223_190215-riz0davw,augustocsc/gpt2_base_infix_682k,nguyen_1,bon_grpo,,,fixed_0.9,standard,0.05,0,0.9934160642114969,0,0
run-20260223_190320-39eqo3ri,augustocsc/gpt2_base_infix_682k,nguyen_1,bon_grpo,,,fixed_0.9,standard,0.1,0,0.9871549135635846,0,0
run-20260223_190420-d5f2k3hz,augustocsc/gpt2_base_infix_682k,nguyen_1,bon_grpo,,,linear_annealing,distractor,0.0,0,0.8127648087582563,0,0
run-20260223_190558-xr26r6vl,augustocsc/gpt2_base_infix_682k,nguyen_1,bon_grpo,,,linear_annealing,distractor,0.01,0,0.4814856520037969,0,0
run-20260223_190649-g0y9szks,augustocsc/gpt2_base_infix_682k,nguyen_1,bon_grpo,,,linear_annealing,distractor,0.05,0,0.8230640299026024,0,0
run-20260223_190818-zwkf1oas,augustocsc/gpt2_base_infix_682k,nguyen_1,bon_grpo,,,linear_annealing,distractor,0.1,0,0.5317954791092364,0,0
run-20260223_190935-dw5yh2re,augustocsc/gpt2_base_infix_682k,nguyen_1,bon_grpo,,,linear_annealing,oracle,0.0,0,1.0,0,0
run-20260223_191102-dpnoll9v,augustocsc/gpt2_base_infix_682k,nguyen_1,bon_grpo,,,linear_annealing,oracle,0.01,0,0.9999174329533496,0,0
run-20260223_191203-n2dpvvtw,augustocsc/gpt2_base_infix_682k,nguyen_1,bon_grpo,,,linear_annealing,oracle,0.05,0,0.9666723388287581,0,0
run-20260223_191325-ap0f7ig6,augustocsc/gpt2_base_infix_682k,nguyen_1,bon_grpo,,,linear_annealing,oracle,0.1,0,0.9299808906538958,0,0
run-20260223_191417-mh60f2hr,augustocsc/gpt2_base_infix_682k,nguyen_1,bon_grpo,,,linear_annealing,standard,0.0,0,0.9957376209566209,0,0
run-20260223_191516-gviumwvn,augustocsc/gpt2_base_infix_682k,nguyen_1,bon_grpo,,,linear_annealing,standard,0.01,0,0.9955977593549694,0,0
run-20260223_191613-015mlcs2,augustocsc/gpt2_base_infix_682k,nguyen_1,bon_grpo,,,linear_annealing,standard,0.05,0,0.9934160642114969,0,0
run-20260223_191711-v5fe3l1g,augustocsc/gpt2_base_infix_682k,nguyen_1,bon_grpo,,,linear_annealing,standard,0.1,0,0.9871549135635846,0,0
run-20260223_191810-iyb7jgyi,augustocsc/gpt2_base_infix_682k,nguyen_1,bon_ppo,,,cosine_annealing,distractor,0.01,0,0.326840779415533,0,0
run-20260223_191910-7pe0pqy2,augustocsc/gpt2_base_infix_682k,nguyen_1,bon_ppo,,,cosine_annealing,distractor,0.05,0,0.8691902549290602,0,0
run-20260223_192040-74ggkbsn,augustocsc/gpt2_base_infix_682k,nguyen_1,bon_ppo,,,cosine_annealing,distractor,0.1,0,0.6314743893596327,0,0
run-20260223_192208-7oaax1p4,augustocsc/gpt2_base_infix_682k,nguyen_1,bon_ppo,,,cosine_annealing,oracle,0.0,0,1.0,0,0
run-20260223_192327-o25yi5la,augustocsc/gpt2_base_infix_682k,nguyen_1,bon_ppo,,,cosine_annealing,oracle,0.01,0,0.9999174329533496,0,0
run-20260223_192624-dejn7ums,augustocsc/gpt2_base_infix_682k,nguyen_1,bon_ppo,,,cosine_annealing,oracle,0.05,0,0.9979553279388851,0,0
run-20260223_192839-j4qz0l9x,augustocsc/gpt2_base_infix_682k,nguyen_1,bon_ppo,,,cosine_annealing,oracle,0.1,0,0.9628078691628632,0,0
run-20260223_192947-07s3vtc6,augustocsc/gpt2_base_infix_682k,nguyen_1,bon_ppo,,,cosine_annealing,standard,0.0,0,0.9825167603266747,0,0
run-20260223_193047-w1h83q87,augustocsc/gpt2_base_infix_682k,nguyen_1,bon_ppo,,,cosine_annealing,standard,0.01,0,0.9822227042513996,0,0
run-20260223_193147-tmgjhk0r,augustocsc/gpt2_base_infix_682k,nguyen_1,bon_ppo,,,cosine_annealing,standard,0.05,0,0.9794528599831677,0,0
run-20260223_193247-upvnmh7s,augustocsc/gpt2_base_infix_682k,nguyen_1,bon_ppo,,,cosine_annealing,standard,0.1,0,0.972524494171433,0,0
run-20260223_193347-81itcr3f,augustocsc/gpt2_base_infix_682k,nguyen_1,bon_ppo,,,fixed_0.7,distractor,0.0,0,0.9803419088422382,0,0
run-20260223_193457-dy03ss52,augustocsc/gpt2_base_infix_682k,nguyen_1,bon_ppo,,,fixed_0.7,distractor,0.01,0,0.9822227042513996,0,0
run-20260223_193635-kts6sxmj,augustocsc/gpt2_base_infix_682k,nguyen_1,bon_ppo,,,fixed_0.7,distractor,0.05,0,0.7410917692851056,0,0
run-20260223_193748-or452cf2,augustocsc/gpt2_base_infix_682k,nguyen_1,bon_ppo,,,fixed_0.7,distractor,0.1,0,0.36710098443333483,0,0
run-20260223_193837-h5vly725,augustocsc/gpt2_base_infix_682k,nguyen_1,bon_ppo,,,fixed_0.7,oracle,0.01,0,0.9999174329533496,0,0
run-20260223_193946-5e9yw4vf,augustocsc/gpt2_base_infix_682k,nguyen_1,bon_ppo,,,fixed_0.7,oracle,0.05,0,0.9979553279388851,0,0
run-20260223_194145-u3oudjjd,augustocsc/gpt2_base_infix_682k,nguyen_1,bon_ppo,,,fixed_0.7,oracle,0.1,0,0.9919456984099573,0,0
run-20260223_194252-2ydl6p7g,augustocsc/gpt2_base_infix_682k,nguyen_1,bon_ppo,,,fixed_0.7,standard,0.01,0,0.983616275189806,0,0
run-20260223_194343-9in20el2,augustocsc/gpt2_base_infix_682k,nguyen_1,bon_ppo,,,fixed_0.7,standard,0.05,0,0.9820607716321068,0,0
run-20260223_194435-bqkjfyn1,augustocsc/gpt2_base_infix_682k,nguyen_1,bon_ppo,,,fixed_0.7,standard,0.1,0,0.9766037926043901,0,0
run-20260223_194526-b80h3jun,augustocsc/gpt2_base_infix_682k,nguyen_1,bon_ppo,,,fixed_0.9,distractor,0.0,0,0.9615173203588749,0,0
run-20260223_194717-msshlki4,augustocsc/gpt2_base_infix_682k,nguyen_1,bon_ppo,,,fixed_0.9,distractor,0.01,0,0.6521774631520798,0,0
run-20260223_194847-azhuobpc,augustocsc/gpt2_base_infix_682k,nguyen_1,bon_ppo,,,fixed_0.9,distractor,0.05,0,0.7647768476297347,0,0
run-20260223_195014-xov9azkw,augustocsc/gpt2_base_infix_682k,nguyen_1,bon_ppo,,,fixed_0.9,distractor,0.1,0,0.892157222729117,0,0
run-20260223_195126-8i80wqbl,augustocsc/gpt2_base_infix_682k,nguyen_1,bon_ppo,,,fixed_0.9,oracle,0.0,0,0.9213631797764092,0,0
run-20260223_195233-q7mfx7bp,augustocsc/gpt2_base_infix_682k,nguyen_1,bon_ppo,,,fixed_0.9,oracle,0.01,0,0.9999174329533496,0,0
run-20260223_195547-k22ku7sy,augustocsc/gpt2_base_infix_682k,nguyen_1,bon_ppo,,,fixed_0.9,oracle,0.05,0,0.9979553279388851,0,0
run-20260223_195736-livqunuw,augustocsc/gpt2_base_infix_682k,nguyen_1,bon_ppo,,,fixed_0.9,oracle,0.1,0,0.9919456984099573,0,0
run-20260223_200025-16dn7w3h,augustocsc/gpt2_base_infix_682k,nguyen_1,bon_ppo,,,fixed_0.9,standard,0.0,0,0.9549239462580235,0,0
run-20260223_200130-hvgf3r54,augustocsc/gpt2_base_infix_682k,nguyen_1,bon_ppo,,,fixed_0.9,standard,0.01,0,0.9549032165419136,0,0
run-20260223_200236-n7swxbco,augustocsc/gpt2_base_infix_682k,nguyen_1,bon_ppo,,,fixed_0.9,standard,0.05,0,0.9532583108685307,0,0
run-20260223_200342-ordlbj8f,augustocsc/gpt2_base_infix_682k,nguyen_1,bon_ppo,,,fixed_0.9,standard,0.1,0,0.9477953505650748,0,0
run-20260223_200447-mpctctr7,augustocsc/gpt2_base_infix_682k,nguyen_1,bon_ppo,,,linear_annealing,distractor,0.0,0,0.7603551764818149,0,0
run-20260223_200552-66oo0dwc,augustocsc/gpt2_base_infix_682k,nguyen_1,bon_ppo,,,linear_annealing,distractor,0.01,0,0.4814856520037969,0,0
run-20260223_200651-z06gz3ur,augustocsc/gpt2_base_infix_682k,nguyen_1,bon_ppo,,,linear_annealing,distractor,0.05,0,0.7281857318740662,0,0
run-20260223_200814-ji18xjgt,augustocsc/gpt2_base_infix_682k,nguyen_1,bon_ppo,,,linear_annealing,distractor,0.1,0,0.33240414911473626,0,0
run-20260223_200916-j4anjz6b,augustocsc/gpt2_base_infix_682k,nguyen_1,bon_ppo,,,linear_annealing,oracle,0.0,0,1.0,0,0
run-20260223_201057-zsr2copd,augustocsc/gpt2_base_infix_682k,nguyen_1,bon_ppo,,,linear_annealing,oracle,0.01,0,0.9690205716729323,0,0
run-20260223_201207-amzdclir,augustocsc/gpt2_base_infix_682k,nguyen_1,bon_ppo,,,linear_annealing,oracle,0.05,0,0.979217990684275,0,0
run-20260223_201343-w6pav0ax,augustocsc/gpt2_base_infix_682k,nguyen_1,bon_ppo,,,linear_annealing,oracle,0.1,0,0.9919456984099573,0,0
run-20260223_201523-hpyyfd3l,augustocsc/gpt2_base_infix_682k,nguyen_1,bon_ppo,,,linear_annealing,standard,0.0,0,0.9825167603266747,0,0
run-20260223_201621-6ncouzp3,augustocsc/gpt2_base_infix_682k,nguyen_1,bon_ppo,,,linear_annealing,standard,0.01,0,0.9822227042513996,0,0
run-20260223_201721-ap2wynt0,augustocsc/gpt2_base_infix_682k,nguyen_1,bon_ppo,,,linear_annealing,standard,0.05,0,0.9794528599831677,0,0
run-20260223_201820-shimpdrf,augustocsc/gpt2_base_infix_682k,nguyen_1,bon_ppo,,,linear_annealing,standard,0.1,0,0.972524494171433,0,0
run-20260223_201920-chb55ils,augustocsc/gpt2_base_infix_682k,nguyen_1,bon_ppo,,,cosine_annealing,distractor,0.01,0,0.5119498549904595,0,0
run-20260223_202017-ifn6a6na,augustocsc/gpt2_base_infix_682k,nguyen_1,bon_ppo,,,cosine_annealing,distractor,0.05,0,0.5248153052689732,0,0
run-20260223_202137-8yod8nwz,augustocsc/gpt2_base_infix_682k,nguyen_1,bon_ppo,,,cosine_annealing,distractor,0.1,0,0.9563772796789908,0,0
run-20260223_202259-ofpqqjsc,augustocsc/gpt2_base_infix_682k,nguyen_1,bon_ppo,,,cosine_annealing,oracle,0.01,0,0.9999174329533496,0,0
run-20260223_202444-avembw4e,augustocsc/gpt2_base_infix_682k,nguyen_1,bon_ppo,,,cosine_annealing,oracle,0.05,0,0.9979553279388851,0,0
run-20260223_202557-ry98tnol,augustocsc/gpt2_base_infix_682k,nguyen_1,bon_ppo,,,cosine_annealing,oracle,0.1,0,0.9919456984099573,0,0
run-20260223_202657-ojtwjv2m,augustocsc/gpt2_base_infix_682k,nguyen_1,bon_ppo,,,cosine_annealing,standard,0.0,0,0.9825167603266747,0,0
run-20260223_202821-0wvktt81,augustocsc/gpt2_base_infix_682k,nguyen_1,bon_ppo,,,cosine_annealing,standard,0.01,0,0.9955977593549694,0,0
run-20260223_203042-fucijoyq,augustocsc/gpt2_base_infix_682k,nguyen_1,bon_ppo,,,cosine_annealing,standard,0.05,0,0.9934160642114969,0,0
run-20260223_203307-z7hyc883,augustocsc/gpt2_base_infix_682k,nguyen_1,bon_ppo,,,cosine_annealing,standard,0.1,0,0.9871549135635846,0,0
run-20260223_203427-m2zg0yoz,augustocsc/gpt2_base_infix_682k,nguyen_1,bon_ppo,,,fixed_0.7,distractor,0.0,0,0.6852204940567306,0,0
run-20260223_203524-borkbzfo,augustocsc/gpt2_base_infix_682k,nguyen_1,bon_ppo,,,fixed_0.7,distractor,0.01,0,0.9638434366461228,0,0
run-20260223_203633-d3ncv7bb,augustocsc/gpt2_base_infix_682k,nguyen_1,bon_ppo,,,fixed_0.7,distractor,0.05,0,0.979217990684275,0,0
run-20260223_203753-g06r4igj,augustocsc/gpt2_base_infix_682k,nguyen_1,bon_ppo,,,fixed_0.7,distractor,0.1,0,0.8955771054015114,0,0
run-20260223_203901-cwyqcc4u,augustocsc/gpt2_base_infix_682k,nguyen_1,bon_ppo,,,fixed_0.7,oracle,0.01,0,0.9999174329533496,0,0
run-20260223_204019-cmz9fn1h,augustocsc/gpt2_base_infix_682k,nguyen_1,bon_ppo,,,fixed_0.7,oracle,0.05,0,0.9979553279388851,0,0
run-20260223_204124-8d2ia0z0,augustocsc/gpt2_base_infix_682k,nguyen_1,bon_ppo,,,fixed_0.7,oracle,0.1,0,0.9585122940266477,0,0
run-20260223_204250-fk42y3sx,augustocsc/gpt2_base_infix_682k,nguyen_1,bon_ppo,,,fixed_0.7,standard,0.01,0,0.9855856342782864,0,0
run-20260223_204341-unjz7x8i,augustocsc/gpt2_base_infix_682k,nguyen_1,bon_ppo,,,fixed_0.7,standard,0.05,0,0.984423722713481,0,0
run-20260223_204433-s5b7e4rk,augustocsc/gpt2_base_infix_682k,nguyen_1,bon_ppo,,,fixed_0.7,standard,0.1,0,0.9794382204143601,0,0
run-20260223_204524-gjwpwndw,augustocsc/gpt2_base_infix_682k,nguyen_1,bon_ppo,,,fixed_0.9,distractor,0.0,0,0.4239525677319531,0,0
run-20260223_204643-0lbv86wh,augustocsc/gpt2_base_infix_682k,nguyen_1,bon_ppo,,,fixed_0.9,distractor,0.01,0,0.731100197319654,0,0
run-20260223_204756-sad6jibl,augustocsc/gpt2_base_infix_682k,nguyen_1,bon_ppo,,,fixed_0.9,distractor,0.05,0,0.9639426987173202,0,0
run-20260223_204922-gxgpum74,augustocsc/gpt2_base_infix_682k,nguyen_1,bon_ppo,,,fixed_0.9,distractor,0.1,0,0.9675269065831932,0,0
run-20260223_205133-pkenw21x,augustocsc/gpt2_base_infix_682k,nguyen_1,bon_ppo,,,fixed_0.9,oracle,0.0,0,1.0,0,0
run-20260223_205244-41zfd3vj,augustocsc/gpt2_base_infix_682k,nguyen_1,bon_ppo,,,fixed_0.9,oracle,0.01,0,0.9999174329533496,0,0
run-20260223_205345-eux4f1ev,augustocsc/gpt2_base_infix_682k,nguyen_1,bon_ppo,,,fixed_0.9,oracle,0.05,0,0.9979553279388851,0,0
run-20260223_205527-90qszfxj,augustocsc/gpt2_base_infix_682k,nguyen_1,bon_ppo,,,fixed_0.9,oracle,0.1,0,0.9919456984099573,0,0
run-20260223_205628-icastkl4,augustocsc/gpt2_base_infix_682k,nguyen_1,bon_ppo,,,fixed_0.9,standard,0.0,0,0.9549239462580235,0,0
run-20260223_205733-5x8x50l3,augustocsc/gpt2_base_infix_682k,nguyen_1,bon_ppo,,,fixed_0.9,standard,0.01,0,0.9549032165419136,0,0
run-20260223_205838-meb1726e,augustocsc/gpt2_base_infix_682k,nguyen_1,bon_ppo,,,fixed_0.9,standard,0.05,0,0.9532583108685307,0,0
run-20260223_205943-6ns2x2nr,augustocsc/gpt2_base_infix_682k,nguyen_1,bon_ppo,,,fixed_0.9,standard,0.1,0,0.9477953505650748,0,0
run-20260223_210048-hnvnpxci,augustocsc/gpt2_base_infix_682k,nguyen_1,bon_ppo,,,linear_annealing,distractor,0.0,0,0.47349703569925583,0,0
run-20260223_210217-q27s79s7,augustocsc/gpt2_base_infix_682k,nguyen_1,bon_ppo,,,linear_annealing,distractor,0.01,0,0.9427640355908969,0,0
run-20260223_210458-e7nqv0dd,augustocsc/gpt2_base_infix_682k,nguyen_1,bon_ppo,,,linear_annealing,distractor,0.05,0,0.9208889996087934,0,0
run-20260223_210612-gt7vpmtg,augustocsc/gpt2_base_infix_682k,nguyen_1,bon_ppo,,,linear_annealing,distractor,0.1,0,0.8463237618491277,0,0
run-20260223_210750-d6ut1zdi,augustocsc/gpt2_base_infix_682k,nguyen_1,bon_ppo,,,linear_annealing,oracle,0.01,0,0.9999174329533496,0,0
run-20260223_210901-6aynljnx,augustocsc/gpt2_base_infix_682k,nguyen_1,bon_ppo,,,linear_annealing,oracle,0.05,0,0.9979553279388851,0,0
run-20260223_211034-3bxuf3rp,augustocsc/gpt2_base_infix_682k,nguyen_1,bon_ppo,,,linear_annealing,oracle,0.1,0,0.9662192406335643,0,0
run-20260223_211221-d6se3rm3,augustocsc/gpt2_base_infix_682k,nguyen_1,bon_ppo,,,linear_annealing,standard,0.0,0,0.9825167603266747,0,0
run-20260223_211347-4cit9tdj,augustocsc/gpt2_base_infix_682k,nguyen_1,bon_ppo,,,linear_annealing,standard,0.01,0,0.9822227042513996,0,0
run-20260223_211514-q79mxk4d,augustocsc/gpt2_base_infix_682k,nguyen_1,bon_ppo,,,linear_annealing,standard,0.05,0,0.9794528599831677,0,0
run-20260223_211641-wj0gz6b0,augustocsc/gpt2_base_infix_682k,nguyen_1,bon_ppo,,,linear_annealing,standard,0.1,0,0.972524494171433,0,0
run-20260223_211803-orcsq809,augustocsc/gpt2_base_infix_682k,nguyen_1,bon_ppo,,,cosine_annealing,distractor,0.0,0,0.40428541901664306,0,0
run-20260223_211904-ni21lfxr,augustocsc/gpt2_base_infix_682k,nguyen_1,bon_ppo,,,cosine_annealing,distractor,0.01,0,0.74066818091299,0,0
run-20260223_212116-pz3v61n4,augustocsc/gpt2_base_infix_682k,nguyen_1,bon_ppo,,,cosine_annealing,distractor,0.05,0,0.7780209815274928,0,0
run-20260223_212241-00u5hsog,augustocsc/gpt2_base_infix_682k,nguyen_1,bon_ppo,,,cosine_annealing,distractor,0.1,0,0.8860320924612654,0,0
run-20260223_212349-s7vikm2d,augustocsc/gpt2_base_infix_682k,nguyen_1,bon_ppo,,,cosine_annealing,oracle,0.0,0,1.0,0,0
run-20260223_212530-4lgahlxt,augustocsc/gpt2_base_infix_682k,nguyen_1,bon_ppo,,,cosine_annealing,oracle,0.01,0,0.9999174329533496,0,0
run-20260223_212632-i7m29vmj,augustocsc/gpt2_base_infix_682k,nguyen_1,bon_ppo,,,cosine_annealing,oracle,0.05,0,0.9979553279388851,0,0
run-20260223_212747-26cpsnqj,augustocsc/gpt2_base_infix_682k,nguyen_1,bon_ppo,,,cosine_annealing,oracle,0.1,0,0.9919456984099573,0,0
run-20260223_212926-kjtdx8h4,augustocsc/gpt2_base_infix_682k,nguyen_1,bon_ppo,,,cosine_annealing,standard,0.0,0,0.9825167603266747,0,0
run-20260223_213025-dlfj3ald,augustocsc/gpt2_base_infix_682k,nguyen_1,bon_ppo,,,cosine_annealing,standard,0.01,0,0.9822227042513996,0,0
run-20260223_213125-bvequpip,augustocsc/gpt2_base_infix_682k,nguyen_1,bon_ppo,,,cosine_annealing,standard,0.05,0,0.9794528599831677,0,0
run-20260223_213224-3saaxuw5,augustocsc/gpt2_base_infix_682k,nguyen_1,bon_ppo,,,cosine_annealing,standard,0.1,0,0.972524494171433,0,0
run-20260223_213326-ilgpcb6g,augustocsc/gpt2_base_infix_682k,nguyen_1,bon_ppo,,,fixed_0.7,distractor,0.01,0,0.9822227042513996,0,0
run-20260223_213428-ura6cjzs,augustocsc/gpt2_base_infix_682k,nguyen_1,bon_ppo,,,fixed_0.7,distractor,0.05,0,0.8303022003526652,0,0
run-20260223_213552-xunedily,augustocsc/gpt2_base_infix_682k,nguyen_1,bon_ppo,,,fixed_0.7,distractor,0.1,0,0.42521378265265397,0,0
run-20260223_213642-3xkglqxf,augustocsc/gpt2_base_infix_682k,nguyen_1,bon_ppo,,,fixed_0.7,oracle,0.01,0,0.9999174329533496,0,0
run-20260223_213751-cekmwk2k,augustocsc/gpt2_base_infix_682k,nguyen_1,bon_ppo,,,fixed_0.7,oracle,0.05,0,0.9979553279388851,0,0
run-20260223_213857-ax750mgb,augustocsc/gpt2_base_infix_682k,nguyen_1,bon_ppo,,,fixed_0.7,oracle,0.1,0,0.9919456984099573,0,0
run-20260223_214003-dqdor9z9,augustocsc/gpt2_base_infix_682k,nguyen_1,bon_ppo,,,fixed_0.7,standard,0.01,0,0.983616275189806,0,0
run-20260223_214054-eaf791ex,augustocsc/gpt2_base_infix_682k,nguyen_1,bon_ppo,,,fixed_0.7,standard,0.05,0,0.9820607716321068,0,0
run-20260223_214146-oeex90g0,augustocsc/gpt2_base_infix_682k,nguyen_1,bon_ppo,,,fixed_0.7,standard,0.1,0,0.9766037926043901,0,0
run-20260223_214238-8k7aarwq,augustocsc/gpt2_base_infix_682k,nguyen_1,bon_ppo,,,fixed_0.9,distractor,0.0,0,0.78540478333302,0,0
run-20260223_214405-8c6e1je3,augustocsc/gpt2_base_infix_682k,nguyen_1,bon_ppo,,,fixed_0.9,distractor,0.01,0,0.903662801842791,0,0
run-20260223_214530-07pfnwbd,augustocsc/gpt2_base_infix_682k,nguyen_1,bon_ppo,,,fixed_0.9,distractor,0.05,0,0.4830725069377878,0,0
run-20260223_214628-g3vrfetw,augustocsc/gpt2_base_infix_682k,nguyen_1,bon_ppo,,,fixed_0.9,distractor,0.1,0,0.948385308163312,0,0
run-20260223_214746-bgojcv4o,augustocsc/gpt2_base_infix_682k,nguyen_1,bon_ppo,,,fixed_0.9,oracle,0.0,0,1.0,0,0
run-20260223_214920-2ku5vlyf,augustocsc/gpt2_base_infix_682k,nguyen_1,bon_ppo,,,fixed_0.9,oracle,0.01,0,0.9999174329533496,0,0
run-20260223_215047-n6kasnvx,augustocsc/gpt2_base_infix_682k,nguyen_1,bon_ppo,,,fixed_0.9,oracle,0.05,0,0.9979553279388851,0,0
run-20260223_215239-npz2u55v,augustocsc/gpt2_base_infix_682k,nguyen_1,bon_ppo,,,fixed_0.9,oracle,0.1,0,0.9919456984099573,0,0
run-20260223_215348-4gq22j40,augustocsc/gpt2_base_infix_682k,nguyen_1,bon_ppo,,,fixed_0.9,standard,0.0,0,0.9549239462580235,0,0
run-20260223_215455-s1kq4b63,augustocsc/gpt2_base_infix_682k,nguyen_1,bon_ppo,,,fixed_0.9,standard,0.01,0,0.9549032165419136,0,0
run-20260223_215600-y0m2dxtr,augustocsc/gpt2_base_infix_682k,nguyen_1,bon_ppo,,,fixed_0.9,standard,0.05,0,0.9532583108685307,0,0
run-20260223_215706-9mw45ol2,augustocsc/gpt2_base_infix_682k,nguyen_1,bon_ppo,,,fixed_0.9,standard,0.1,0,0.9477953505650748,0,0
run-20260223_215812-43r2cjae,augustocsc/gpt2_base_infix_682k,nguyen_1,bon_ppo,,,linear_annealing,distractor,0.0,0,0.46873589949481376,0,0
run-20260223_215911-3ro4btpi,augustocsc/gpt2_base_infix_682k,nguyen_1,bon_ppo,,,linear_annealing,distractor,0.01,0,0.39079660438150066,0,0
run-20260223_220005-gcqn8sbk,augustocsc/gpt2_base_infix_682k,nguyen_1,bon_ppo,,,linear_annealing,distractor,0.05,0,0.9208889996087934,0,0
run-20260223_220135-tjky8tf3,augustocsc/gpt2_base_infix_682k,nguyen_1,bon_ppo,,,linear_annealing,distractor,0.1,0,0.8067441903055416,0,0
run-20260223_220241-w0a5i0et,augustocsc/gpt2_base_infix_682k,nguyen_1,bon_ppo,,,linear_annealing,oracle,0.0,0,1.0,0,0
run-20260223_220357-18bh168f,augustocsc/gpt2_base_infix_682k,nguyen_1,bon_ppo,,,linear_annealing,oracle,0.01,0,0.9690205716729323,0,0
run-20260223_220504-io68fvmx,augustocsc/gpt2_base_infix_682k,nguyen_1,bon_ppo,,,linear_annealing,oracle,0.05,0,0.9634635979629163,0,0
run-20260223_220605-3xqoz21i,augustocsc/gpt2_base_infix_682k,nguyen_1,bon_ppo,,,linear_annealing,oracle,0.1,0,0.9585122940266477,0,0
run-20260223_220705-l1u766ji,augustocsc/gpt2_base_infix_682k,nguyen_1,bon_ppo,,,linear_annealing,standard,0.0,0,0.9825167603266747,0,0
run-20260223_220803-28ua1zc8,augustocsc/gpt2_base_infix_682k,nguyen_1,bon_ppo,,,linear_annealing,standard,0.01,0,0.9822227042513996,0,0
run-20260223_220900-pg1zxyru,augustocsc/gpt2_base_infix_682k,nguyen_1,bon_ppo,,,linear_annealing,standard,0.05,0,0.9794528599831677,0,0
run-20260223_220959-1k76xmdv,augustocsc/gpt2_base_infix_682k,nguyen_1,bon_ppo,,,linear_annealing,standard,0.1,0,0.972524494171433,0,0
run-20260223_221059-qbln7l1h,augustocsc/gpt2_base_infix_682k,nguyen_1,bon_ppo,,,cosine_annealing,distractor,0.01,0,0.964440086673988,0,0
run-20260223_221220-ueiksvpa,augustocsc/gpt2_base_infix_682k,nguyen_1,bon_ppo,,,cosine_annealing,distractor,0.05,0,0.6395613268062432,0,0
run-20260223_221428-49zzv3ax,augustocsc/gpt2_base_infix_682k,nguyen_1,bon_ppo,,,cosine_annealing,distractor,0.1,0,0.9059419581325389,0,0
run-20260223_221554-qgedpp20,augustocsc/gpt2_base_infix_682k,nguyen_1,bon_ppo,,,cosine_annealing,oracle,0.0,0,1.0,0,0
run-20260223_221730-ydxslp8l,augustocsc/gpt2_base_infix_682k,nguyen_1,bon_ppo,,,cosine_annealing,oracle,0.01,0,0.9999174329533496,0,0
run-20260223_221935-q4bw0cqj,augustocsc/gpt2_base_infix_682k,nguyen_1,bon_ppo,,,cosine_annealing,oracle,0.05,0,0.9979553279388851,0,0
run-20260223_222119-89g67m8s,augustocsc/gpt2_base_infix_682k,nguyen_1,bon_ppo,,,cosine_annealing,oracle,0.1,0,0.9919456984099573,0,0
run-20260223_222230-huqreo34,augustocsc/gpt2_base_infix_682k,nguyen_1,bon_ppo,,,cosine_annealing,standard,0.0,0,0.9825167603266747,0,0
run-20260223_222352-jpcyopkm,augustocsc/gpt2_base_infix_682k,nguyen_1,bon_ppo,,,cosine_annealing,standard,0.01,0,0.9955977593549694,0,0
run-20260223_222518-o6ea3n2y,augustocsc/gpt2_base_infix_682k,nguyen_1,bon_ppo,,,cosine_annealing,standard,0.05,0,0.9934160642114969,0,0
run-20260223_222641-jdqefy5x,augustocsc/gpt2_base_infix_682k,nguyen_1,bon_ppo,,,cosine_annealing,standard,0.1,0,0.9871549135635846,0,0
run-20260223_222805-fqy7mrbd,augustocsc/gpt2_base_infix_682k,nguyen_1,bon_ppo,,,fixed_0.7,distractor,0.01,0,0.7648648611041576,0,0
run-20260223_222943-pbmtmydz,augustocsc/gpt2_base_infix_682k,nguyen_1,bon_ppo,,,fixed_0.7,distractor,0.05,0,0.45641707235592066,0,0
run-20260223_223045-ay9kkc1p,augustocsc/gpt2_base_infix_682k,nguyen_1,bon_ppo,,,fixed_0.7,distractor,0.1,0,0.8094480137426558,0,0
run-20260223_223148-u4l5wkcu,augustocsc/gpt2_base_infix_682k,nguyen_1,bon_ppo,,,fixed_0.7,oracle,0.01,0,0.9999174329533496,0,0
run-20260223_223348-jlk02ev4,augustocsc/gpt2_base_infix_682k,nguyen_1,bon_ppo,,,fixed_0.7,oracle,0.05,0,0.9979553279388851,0,0
run-20260223_223537-9ho85ijf,augustocsc/gpt2_base_infix_682k,nguyen_1,bon_ppo,,,fixed_0.7,oracle,0.1,0,0.9919456984099573,0,0
run-20260223_223758-9d70uawv,augustocsc/gpt2_base_infix_682k,nguyen_1,bon_ppo,,,fixed_0.7,standard,0.01,0,0.9855856342782864,0,0
run-20260223_223849-ov1gu4v0,augustocsc/gpt2_base_infix_682k,nguyen_1,bon_ppo,,,fixed_0.7,standard,0.05,0,0.984423722713481,0,0
run-20260223_223940-8icb2aru,augustocsc/gpt2_base_infix_682k,nguyen_1,bon_ppo,,,fixed_0.7,standard,0.1,0,0.9794382204143601,0,0
run-20260223_224031-r0c65czw,augustocsc/gpt2_base_infix_682k,nguyen_1,bon_ppo,,,fixed_0.9,distractor,0.0,0,0.9636423705157486,0,0
run-20260223_224238-e527j95t,augustocsc/gpt2_base_infix_682k,nguyen_1,bon_ppo,,,fixed_0.9,distractor,0.01,0,0.7032872216524217,0,0
run-20260223_224444-9bntuhq8,augustocsc/gpt2_base_infix_682k,nguyen_1,bon_ppo,,,fixed_0.9,distractor,0.05,0,0.8785571976938183,0,0
run-20260223_224556-84ug8hac,augustocsc/gpt2_base_infix_682k,nguyen_1,bon_ppo,,,fixed_0.9,distractor,0.1,0,0.8521548601748135,0,0
run-20260223_224702-dc1ahd7d,augustocsc/gpt2_base_infix_682k,nguyen_1,bon_ppo,,,fixed_0.9,oracle,0.0,0,1.0,0,0
run-20260223_224903-cvy23b3r,augustocsc/gpt2_base_infix_682k,nguyen_1,bon_ppo,,,fixed_0.9,oracle,0.01,0,0.9999174329533496,0,0
run-20260223_225043-icrdyh2t,augustocsc/gpt2_base_infix_682k,nguyen_1,bon_ppo,,,fixed_0.9,oracle,0.05,0,0.9979553279388851,0,0
run-20260223_225323-2q24b3af,augustocsc/gpt2_base_infix_682k,nguyen_1,bon_ppo,,,fixed_0.9,oracle,0.1,0,0.9919456984099573,0,0
run-20260223_225425-jzxdfw7r,augustocsc/gpt2_base_infix_682k,nguyen_1,bon_ppo,,,fixed_0.9,standard,0.01,0,0.9549032165419136,0,0
run-20260223_225530-h98i52r3,augustocsc/gpt2_base_infix_682k,nguyen_1,bon_ppo,,,fixed_0.9,standard,0.05,0,0.9532583108685307,0,0
run-20260223_225635-fscsh2xx,augustocsc/gpt2_base_infix_682k,nguyen_1,bon_ppo,,,fixed_0.9,standard,0.1,0,0.9477953505650748,0,0
run-20260223_225740-ku1funig,augustocsc/gpt2_base_infix_682k,nguyen_1,bon_ppo,,,linear_annealing,distractor,0.0,0,0.6912992079030793,0,0
run-20260223_225909-y0huijyc,augustocsc/gpt2_base_infix_682k,nguyen_1,bon_ppo,,,linear_annealing,distractor,0.01,0,0.8405825240925003,0,0
run-20260223_230033-tcal9aco,augustocsc/gpt2_base_infix_682k,nguyen_1,bon_ppo,,,linear_annealing,distractor,0.05,0,0.7803519771838296,0,0
run-20260223_230223-3f4qj34o,augustocsc/gpt2_base_infix_682k,nguyen_1,bon_ppo,,,linear_annealing,distractor,0.1,0,0.859179376734863,0,0
run-20260223_230350-q6zl3rvf,augustocsc/gpt2_base_infix_682k,nguyen_1,bon_ppo,,,linear_annealing,oracle,0.0,0,1.0,0,0
run-20260223_230451-q1rsy2en,augustocsc/gpt2_base_infix_682k,nguyen_1,bon_ppo,,,linear_annealing,oracle,0.01,0,0.9804388413766979,0,0
run-20260223_230705-gzgm727n,augustocsc/gpt2_base_infix_682k,nguyen_1,bon_ppo,,,linear_annealing,oracle,0.05,0,0.9979553279388851,0,0
run-20260223_230822-9wdajpkw,augustocsc/gpt2_base_infix_682k,nguyen_1,bon_ppo,,,linear_annealing,oracle,0.1,0,0.9919456984099573,0,0
run-20260223_231055-9xx0aiip,augustocsc/gpt2_base_infix_682k,nguyen_1,bon_ppo,,,linear_annealing,standard,0.0,0,0.9957376209566209,0,0
run-20260223_231218-yh57admy,augustocsc/gpt2_base_infix_682k,nguyen_1,bon_ppo,,,linear_annealing,standard,0.01,0,0.9822227042513996,0,0
run-20260223_231341-59tcrp1i,augustocsc/gpt2_base_infix_682k,nguyen_1,bon_ppo,,,linear_annealing,standard,0.05,0,0.9794528599831677,0,0
run-20260223_231508-k07t2k6m,augustocsc/gpt2_base_infix_682k,nguyen_1,bon_ppo,,,linear_annealing,standard,0.1,0,0.972524494171433,0,0
run-20260223_231634-n0w4uo4d,augustocsc/gpt2_base_infix_682k,nguyen_1,bon_ppo,,,cosine_annealing,distractor,0.01,0,0.960885998212559,0,0
run-20260223_231831-k0o5h31q,augustocsc/gpt2_base_infix_682k,nguyen_1,bon_ppo,,,cosine_annealing,distractor,0.05,0,0.4729914419769824,0,0
run-20260223_231932-25v1hu6p,augustocsc/gpt2_base_infix_682k,nguyen_1,bon_ppo,,,cosine_annealing,distractor,0.1,0,0.8043267774897914,0,0
run-20260223_232040-pb5zyicn,augustocsc/gpt2_base_infix_682k,nguyen_1,bon_ppo,,,cosine_annealing,oracle,0.01,0,0.9999174329533496,0,0
run-20260223_232258-et2c9doo,augustocsc/gpt2_base_infix_682k,nguyen_1,bon_ppo,,,cosine_annealing,oracle,0.05,0,0.9208889996087934,0,0
run-20260223_232359-z3pjr38x,augustocsc/gpt2_base_infix_682k,nguyen_1,bon_ppo,,,cosine_annealing,oracle,0.1,0,0.9258181398139593,0,0
run-20260223_232501-k8kjijdg,augustocsc/gpt2_base_infix_682k,nguyen_1,bon_ppo,,,cosine_annealing,standard,0.01,0,0.9955977593549694,0,0
run-20260223_232630-ko89cea6,augustocsc/gpt2_base_infix_682k,nguyen_1,bon_ppo,,,cosine_annealing,standard,0.05,0,0.9934160642114969,0,0
run-20260223_232758-6i00gffj,augustocsc/gpt2_base_infix_682k,nguyen_1,bon_ppo,,,cosine_annealing,standard,0.1,0,0.9579073533141836,0,0
run-20260223_232855-7aauosl0,augustocsc/gpt2_base_infix_682k,nguyen_1,bon_ppo,,,fixed_0.7,distractor,0.0,0,0.8819755435404832,0,0
run-20260223_233020-zw8809yx,augustocsc/gpt2_base_infix_682k,nguyen_1,bon_ppo,,,fixed_0.7,distractor,0.01,0,0.8187521095452609,0,0
run-20260223_233113-iy22y0xw,augustocsc/gpt2_base_infix_682k,nguyen_1,bon_ppo,,,fixed_0.7,distractor,0.05,0,0.791876860097523,0,0
run-20260223_233228-lqp108wf,augustocsc/gpt2_base_infix_682k,nguyen_1,bon_ppo,,,fixed_0.7,distractor,0.1,0,0.9483853081633119,0,0
run-20260223_233413-8y8jvrw9,augustocsc/gpt2_base_infix_682k,nguyen_1,bon_ppo,,,fixed_0.7,oracle,0.0,0,1.0,0,0
run-20260223_233553-ajm4wfor,augustocsc/gpt2_base_infix_682k,nguyen_1,bon_ppo,,,fixed_0.7,oracle,0.01,0,0.9999174329533496,0,0
run-20260223_233725-3zu9qrk8,augustocsc/gpt2_base_infix_682k,nguyen_1,bon_ppo,,,fixed_0.7,oracle,0.05,0,0.9634635979629163,0,0
run-20260223_233917-31mlxim6,augustocsc/gpt2_base_infix_682k,nguyen_1,bon_ppo,,,fixed_0.7,oracle,0.1,0,0.9919456984099573,0,0
run-20260223_234048-wjizyzlj,augustocsc/gpt2_base_infix_682k,nguyen_1,bon_ppo,,,fixed_0.7,standard,0.0,0,0.9836026740471949,0,0
run-20260223_234140-ql8qptsy,augustocsc/gpt2_base_infix_682k,nguyen_1,bon_ppo,,,fixed_0.7,standard,0.01,0,0.983616275189806,0,0
run-20260223_234232-dtdlehg6,augustocsc/gpt2_base_infix_682k,nguyen_1,bon_ppo,,,fixed_0.7,standard,0.05,0,0.9820607716321068,0,0
run-20260223_234324-qvw06foa,augustocsc/gpt2_base_infix_682k,nguyen_1,bon_ppo,,,fixed_0.7,standard,0.1,0,0.9766037926043901,0,0
run-20260223_234416-vkwp8nn2,augustocsc/gpt2_base_infix_682k,nguyen_1,bon_ppo,,,fixed_0.9,distractor,0.0,0,0.7589224512749775,0,0
run-20260223_234613-o4p65ty0,augustocsc/gpt2_base_infix_682k,nguyen_1,bon_ppo,,,fixed_0.9,distractor,0.01,0,0.7206260607788828,0,0
run-20260223_234750-8oe4eka1,augustocsc/gpt2_base_infix_682k,nguyen_1,bon_ppo,,,fixed_0.9,distractor,0.05,0,0.43877044585102887,0,0
run-20260223_234850-x5seg0b3,augustocsc/gpt2_base_infix_682k,nguyen_1,bon_ppo,,,fixed_0.9,distractor,0.1,0,0.441828873666294,0,0
run-20260223_234950-kpeqrupd,augustocsc/gpt2_base_infix_682k,nguyen_1,bon_ppo,,,fixed_0.9,oracle,0.0,0,1.0,0,0
run-20260223_235111-w9xtosl3,augustocsc/gpt2_base_infix_682k,nguyen_1,bon_ppo,,,fixed_0.9,oracle,0.01,0,0.9999174329533496,0,0
run-20260223_235247-akcynpcb,augustocsc/gpt2_base_infix_682k,nguyen_1,bon_ppo,,,fixed_0.9,oracle,0.05,0,0.979217990684275,0,0
run-20260223_235458-axbcin8p,augustocsc/gpt2_base_infix_682k,nguyen_1,bon_ppo,,,fixed_0.9,oracle,0.1,0,0.9919456984099573,0,0
run-20260223_235650-0q1fjwqz,augustocsc/gpt2_base_infix_682k,nguyen_1,bon_ppo,,,fixed_0.9,standard,0.0,0,0.9818493917508716,0,0
run-20260223_235754-f3lu1qw6,augustocsc/gpt2_base_infix_682k,nguyen_1,bon_ppo,,,fixed_0.9,standard,0.01,0,0.9814639508321926,0,0
run-20260223_235858-yf7korfn,augustocsc/gpt2_base_infix_682k,nguyen_1,bon_ppo,,,fixed_0.9,standard,0.05,0,0.9783339620120374,0,0
run-20260224_000002-feakmdwx,augustocsc/gpt2_base_infix_682k,nguyen_1,bon_ppo,,,fixed_0.9,standard,0.1,0,0.9709704536537871,0,0
run-20260224_000107-6nyv60o9,augustocsc/gpt2_base_infix_682k,nguyen_1,bon_ppo,,,linear_annealing,distractor,0.0,0,0.9957376209566209,0,0
run-20260224_000259-7aseiqn3,augustocsc/gpt2_base_infix_682k,nguyen_1,bon_ppo,,,linear_annealing,distractor,0.01,0,0.4116536810698831,0,0
run-20260224_000355-746luqa9,augustocsc/gpt2_base_infix_682k,nguyen_1,bon_ppo,,,linear_annealing,distractor,0.05,0,0.9787534662147734,0,0
run-20260224_000527-axpduqx4,augustocsc/gpt2_base_infix_682k,nguyen_1,bon_ppo,,,linear_annealing,distractor,0.1,0,0.7012258017487782,0,0
run-20260224_000635-154s3yq2,augustocsc/gpt2_base_infix_682k,nguyen_1,bon_ppo,,,linear_annealing,oracle,0.0,0,1.0,0,0
run-20260224_000736-br7qd6er,augustocsc/gpt2_base_infix_682k,nguyen_1,bon_ppo,,,linear_annealing,oracle,0.01,0,0.9215720745897404,0,0
run-20260224_000837-j0xet5sp,augustocsc/gpt2_base_infix_682k,nguyen_1,bon_ppo,,,linear_annealing,oracle,0.05,0,0.9979553279388851,0,0
run-20260224_000946-drv1u2dk,augustocsc/gpt2_base_infix_682k,nguyen_1,bon_ppo,,,linear_annealing,oracle,0.1,0,0.929649120455247,0,0
run-20260224_001046-k14azs27,augustocsc/gpt2_base_infix_682k,nguyen_1,bon_ppo,,,linear_annealing,standard,0.0,0,0.9957376209566209,0,0
run-20260224_001213-sbnav79i,augustocsc/gpt2_base_infix_682k,nguyen_1,bon_ppo,,,linear_annealing,standard,0.01,0,0.9955977593549694,0,0
run-20260224_001343-o81abv2r,augustocsc/gpt2_base_infix_682k,nguyen_1,bon_ppo,,,linear_annealing,standard,0.05,0,0.9934160642114969,0,0
run-20260224_001515-fnr2u64y,augustocsc/gpt2_base_infix_682k,nguyen_1,bon_ppo,,,linear_annealing,standard,0.1,0,0.9579073533141836,0,0
run-20260224_001613-44bydhbg,augustocsc/gpt2_base_infix_682k,nguyen_1,bon_ppo,,,cosine_annealing,distractor,0.0,0,0.908368030288458,0,0
run-20260224_001819-v7ddbkvf,augustocsc/gpt2_base_infix_682k,nguyen_1,bon_ppo,,,cosine_annealing,distractor,0.01,0,0.6999341692222745,0,0
run-20260224_002013-9z82efux,augustocsc/gpt2_base_infix_682k,nguyen_1,bon_ppo,,,cosine_annealing,distractor,0.05,0,0.8541190269160248,0,0
run-20260224_002137-mt3dauz9,augustocsc/gpt2_base_infix_682k,nguyen_1,bon_ppo,,,cosine_annealing,distractor,0.1,0,0.657142294554848,0,0
run-20260224_002308-8ds9o89o,augustocsc/gpt2_base_infix_682k,nguyen_1,bon_ppo,,,cosine_annealing,oracle,0.0,0,1.0,0,0
run-20260224_002410-q595ef97,augustocsc/gpt2_base_infix_682k,nguyen_1,bon_ppo,,,cosine_annealing,oracle,0.01,0,0.9770286418605459,0,0
run-20260224_002602-g34rnknd,augustocsc/gpt2_base_infix_682k,nguyen_1,bon_ppo,,,cosine_annealing,oracle,0.05,0,0.9979553279388851,0,0
run-20260224_002716-rt0yazts,augustocsc/gpt2_base_infix_682k,nguyen_1,bon_ppo,,,cosine_annealing,oracle,0.1,0,0.9299808906538958,0,0
run-20260224_002816-f0n3jp0u,augustocsc/gpt2_base_infix_682k,nguyen_1,bon_ppo,,,cosine_annealing,standard,0.01,0,0.9822227042513996,0,0
run-20260224_003018-974o7mja,augustocsc/gpt2_base_infix_682k,nguyen_1,bon_ppo,,,cosine_annealing,standard,0.05,0,0.9794528599831677,0,0
run-20260224_003220-uodn79ay,augustocsc/gpt2_base_infix_682k,nguyen_1,bon_ppo,,,cosine_annealing,standard,0.1,0,0.972524494171433,0,0
run-20260224_003421-qdffyxwt,augustocsc/gpt2_base_infix_682k,nguyen_1,bon_ppo,,,fixed_0.7,distractor,0.0,0,0.8127648087582563,0,0
run-20260224_003559-laz548ay,augustocsc/gpt2_base_infix_682k,nguyen_1,bon_ppo,,,fixed_0.7,distractor,0.01,0,0.903662801842791,0,0
run-20260224_003703-w40tbnmt,augustocsc/gpt2_base_infix_682k,nguyen_1,bon_ppo,,,fixed_0.7,distractor,0.05,0,0.8487557258887473,0,0
run-20260224_003847-dguyn016,augustocsc/gpt2_base_infix_682k,nguyen_1,bon_ppo,,,fixed_0.7,distractor,0.1,0,0.9386096857144126,0,0
run-20260224_003937-d7g28ssu,augustocsc/gpt2_base_infix_682k,nguyen_1,bon_ppo,,,fixed_0.7,oracle,0.0,0,0.9689276101629269,0,0
run-20260224_004052-f9z9bfro,augustocsc/gpt2_base_infix_682k,nguyen_1,bon_ppo,,,fixed_0.7,oracle,0.01,0,0.9999174329533496,0,0
run-20260224_004221-3c6zyd8p,augustocsc/gpt2_base_infix_682k,nguyen_1,bon_ppo,,,fixed_0.7,oracle,0.05,0,0.9979553279388851,0,0
run-20260224_004327-kcddma14,augustocsc/gpt2_base_infix_682k,nguyen_1,bon_ppo,,,fixed_0.7,oracle,0.1,0,0.9919456984099573,0,0
run-20260224_004435-3wt2uvf9,augustocsc/gpt2_base_infix_682k,nguyen_1,bon_ppo,,,fixed_0.7,standard,0.0,0,0.9836026740471949,0,0
run-20260224_004526-3u48d5rl,augustocsc/gpt2_base_infix_682k,nguyen_1,bon_ppo,,,fixed_0.7,standard,0.01,0,0.983616275189806,0,0
run-20260224_004617-c4j3vh8s,augustocsc/gpt2_base_infix_682k,nguyen_1,bon_ppo,,,fixed_0.7,standard,0.05,0,0.9820607716321068,0,0
run-20260224_004708-mwz3j1dc,augustocsc/gpt2_base_infix_682k,nguyen_1,bon_ppo,,,fixed_0.7,standard,0.1,0,0.9766037926043901,0,0
run-20260224_004758-sop3729p,augustocsc/gpt2_base_infix_682k,nguyen_1,bon_ppo,,,fixed_0.9,distractor,0.0,0,0.7589224512749775,0,0
run-20260224_004951-p8mx0tav,augustocsc/gpt2_base_infix_682k,nguyen_1,bon_ppo,,,fixed_0.9,distractor,0.01,0,0.9028098592274078,0,0
run-20260224_005126-5r4ttfr2,augustocsc/gpt2_base_infix_682k,nguyen_1,bon_ppo,,,fixed_0.9,distractor,0.05,0,0.9271164632201021,0,0
run-20260224_005230-ufuz09uf,augustocsc/gpt2_base_infix_682k,nguyen_1,bon_ppo,,,fixed_0.9,distractor,0.1,0,0.9741792423970366,0,0
run-20260224_005402-j9kprsh8,augustocsc/gpt2_base_infix_682k,nguyen_1,bon_ppo,,,fixed_0.9,oracle,0.0,0,1.0,0,0
run-20260224_005503-56vp2bjo,augustocsc/gpt2_base_infix_682k,nguyen_1,bon_ppo,,,fixed_0.9,oracle,0.01,0,0.9999174329533496,0,0
run-20260224_005659-s50znh5p,augustocsc/gpt2_base_infix_682k,nguyen_1,bon_ppo,,,fixed_0.9,oracle,0.05,0,0.9979553279388851,0,0
run-20260224_005803-sosdnj8v,augustocsc/gpt2_base_infix_682k,nguyen_1,bon_ppo,,,fixed_0.9,oracle,0.1,0,0.9605820179439213,0,0
run-20260224_005929-4079x0s3,augustocsc/gpt2_base_infix_682k,nguyen_1,bon_ppo,,,fixed_0.9,standard,0.0,0,0.968477331007752,0,0
run-20260224_010110-6afug2ax,augustocsc/gpt2_base_infix_682k,nguyen_1,bon_ppo,,,fixed_0.9,standard,0.01,0,0.9682529719379961,0,0
run-20260224_010247-hsvp3xkf,augustocsc/gpt2_base_infix_682k,nguyen_1,bon_ppo,,,fixed_0.9,standard,0.05,0,0.9657812883788445,0,0
run-20260224_010423-ortnaeyc,augustocsc/gpt2_base_infix_682k,nguyen_1,bon_ppo,,,fixed_0.9,standard,0.1,0,0.9592653929603193,0,0
run-20260224_010600-h8ojgotx,augustocsc/gpt2_base_infix_682k,nguyen_1,bon_ppo,,,linear_annealing,distractor,0.01,0,0.6269529260704347,0,0
run-20260224_010710-qdkiil6h,augustocsc/gpt2_base_infix_682k,nguyen_1,bon_ppo,,,linear_annealing,distractor,0.05,0,0.9480048715217793,0,0
run-20260224_010913-4jqbd6jg,augustocsc/gpt2_base_infix_682k,nguyen_1,bon_ppo,,,linear_annealing,distractor,0.1,0,0.9479907602079587,0,0
run-20260224_011228-gox8vv8b,augustocsc/gpt2_base_infix_682k,nguyen_1,bon_ppo,,,linear_annealing,oracle,0.0,0,1.0,0,0
run-20260224_011421-3wrz6tzy,augustocsc/gpt2_base_infix_682k,nguyen_1,bon_ppo,,,linear_annealing,oracle,0.01,0,0.9999174329533496,0,0
run-20260224_011636-k16y4okl,augustocsc/gpt2_base_infix_682k,nguyen_1,bon_ppo,,,linear_annealing,oracle,0.05,0,0.9979553279388851,0,0
run-20260224_011829-sqv3bqx5,augustocsc/gpt2_base_infix_682k,nguyen_1,bon_ppo,,,linear_annealing,oracle,0.1,0,0.9919456984099573,0,0
run-20260224_011931-r3n7qga0,augustocsc/gpt2_base_infix_682k,nguyen_1,bon_ppo,,,linear_annealing,standard,0.0,0,0.9825167603266747,0,0
run-20260224_012157-dww1wh9v,augustocsc/gpt2_base_infix_682k,nguyen_1,bon_ppo,,,linear_annealing,standard,0.01,0,0.9822227042513996,0,0
run-20260224_012420-4bbimqkv,augustocsc/gpt2_base_infix_682k,nguyen_1,bon_ppo,,,linear_annealing,standard,0.05,0,0.9794528599831677,0,0
run-20260224_012644-y1ixtsv2,augustocsc/gpt2_base_infix_682k,nguyen_1,bon_ppo,,,linear_annealing,standard,0.1,0,0.972524494171433,0,0
run-20260224_012909-1gleevo2,augustocsc/gpt2_base_infix_682k,nguyen_1,pure_grpo,,,cosine_annealing,distractor,0.0,0,0.7816262640790712,0,0
run-20260224_013009-wicdy56b,augustocsc/gpt2_base_infix_682k,nguyen_1,pure_grpo,,,cosine_annealing,distractor,0.01,0,0.8687686995424391,0,0
run-20260224_013132-9uqpgiy8,augustocsc/gpt2_base_infix_682k,nguyen_1,pure_grpo,,,cosine_annealing,distractor,0.05,0,0.7639028511634445,0,0
run-20260224_013257-racmerft,augustocsc/gpt2_base_infix_682k,nguyen_1,pure_grpo,,,cosine_annealing,distractor,0.1,0,0.3169188793530505,0,0
run-20260224_013351-a793pb88,augustocsc/gpt2_base_infix_682k,nguyen_1,pure_grpo,,,cosine_annealing,oracle,0.0,0,0.9645620157671827,0,0
run-20260224_013444-d2z7ywxx,augustocsc/gpt2_base_infix_682k,nguyen_1,pure_grpo,,,cosine_annealing,oracle,0.01,0,0.9999174329533496,0,0
run-20260224_013547-jj0cb5gw,augustocsc/gpt2_base_infix_682k,nguyen_1,pure_grpo,,,cosine_annealing,oracle,0.05,0,0.9979553279388851,0,0
run-20260224_013638-ra0yw75f,augustocsc/gpt2_base_infix_682k,nguyen_1,pure_grpo,,,cosine_annealing,oracle,0.1,0,0.8954561607952742,0,0
run-20260224_013728-4iaqapca,augustocsc/gpt2_base_infix_682k,nguyen_1,pure_grpo,,,cosine_annealing,standard,0.0,0,0.9957376209566209,0,0
run-20260224_013817-560l7msm,augustocsc/gpt2_base_infix_682k,nguyen_1,pure_grpo,,,cosine_annealing,standard,0.01,0,0.9955977593549694,0,0
run-20260224_013907-aex4zq49,augustocsc/gpt2_base_infix_682k,nguyen_1,pure_grpo,,,cosine_annealing,standard,0.05,0,0.9934160642114969,0,0
run-20260224_013956-v1dwknuj,augustocsc/gpt2_base_infix_682k,nguyen_1,pure_grpo,,,cosine_annealing,standard,0.1,0,0.9871549135635846,0,0
run-20260224_014045-hah0g4rv,augustocsc/gpt2_base_infix_682k,nguyen_1,pure_grpo,,,fixed_0.7,distractor,0.0,0,0.3551681745796187,0,0
run-20260224_014134-vu08r163,augustocsc/gpt2_base_infix_682k,nguyen_1,pure_grpo,,,fixed_0.7,distractor,0.01,0,0.35514789370553024,0,0
run-20260224_014223-c5cwbi3i,augustocsc/gpt2_base_infix_682k,nguyen_1,pure_grpo,,,fixed_0.7,distractor,0.05,0,0.6899645113697093,0,0
run-20260224_014317-eikosbjl,augustocsc/gpt2_base_infix_682k,nguyen_1,pure_grpo,,,fixed_0.7,distractor,0.1,0,0.8085232612814452,0,0
run-20260224_014425-25jitua4,augustocsc/gpt2_base_infix_682k,nguyen_1,pure_grpo,,,fixed_0.7,oracle,0.0,0,1.0,0,0
run-20260224_014536-1t9b9uln,augustocsc/gpt2_base_infix_682k,nguyen_1,pure_grpo,,,fixed_0.7,oracle,0.01,0,0.9690205716729323,0,0
run-20260224_014641-g3e2z8s8,augustocsc/gpt2_base_infix_682k,nguyen_1,pure_grpo,,,fixed_0.7,oracle,0.05,0,0.9678024519114853,0,0
run-20260224_014745-q94k7r05,augustocsc/gpt2_base_infix_682k,nguyen_1,pure_grpo,,,fixed_0.7,oracle,0.1,0,0.9628078691628632,0,0
run-20260224_014849-4g93k3ug,augustocsc/gpt2_base_infix_682k,nguyen_1,pure_grpo,,,fixed_0.7,standard,0.0,0,0.9836026740471949,0,0
run-20260224_014936-2zwdp49o,augustocsc/gpt2_base_infix_682k,nguyen_1,pure_grpo,,,fixed_0.7,standard,0.01,0,0.983616275189806,0,0
run-20260224_015024-nxj9gbx2,augustocsc/gpt2_base_infix_682k,nguyen_1,pure_grpo,,,fixed_0.7,standard,0.05,0,0.9820607716321068,0,0
run-20260224_015111-j2rof1q8,augustocsc/gpt2_base_infix_682k,nguyen_1,pure_grpo,,,fixed_0.7,standard,0.1,0,0.9766037926043901,0,0
run-20260224_015159-hchgz4to,augustocsc/gpt2_base_infix_682k,nguyen_1,pure_grpo,,,fixed_0.9,distractor,0.0,0,0.7645694617547105,0,0
run-20260224_015302-lgoxt2uq,augustocsc/gpt2_base_infix_682k,nguyen_1,pure_grpo,,,fixed_0.9,distractor,0.01,0,0.9028098592274078,0,0
run-20260224_015445-a3ru3r49,augustocsc/gpt2_base_infix_682k,nguyen_1,pure_grpo,,,fixed_0.9,distractor,0.05,0,0.5349851325823529,0,0
run-20260224_015554-h5hp0ao7,augustocsc/gpt2_base_infix_682k,nguyen_1,pure_grpo,,,fixed_0.9,distractor,0.1,0,0.8379812331169086,0,0
run-20260224_015644-gt3qulrc,augustocsc/gpt2_base_infix_682k,nguyen_1,pure_grpo,,,fixed_0.9,oracle,0.0,0,1.0,0,0
run-20260224_015752-8wudbca4,augustocsc/gpt2_base_infix_682k,nguyen_1,pure_grpo,,,fixed_0.9,oracle,0.01,0,0.9999174329533496,0,0
run-20260224_015852-lveo64zv,augustocsc/gpt2_base_infix_682k,nguyen_1,pure_grpo,,,fixed_0.9,oracle,0.05,0,0.9208889996087934,0,0
run-20260224_020003-qxa5z9r4,augustocsc/gpt2_base_infix_682k,nguyen_1,pure_grpo,,,fixed_0.9,oracle,0.1,0,0.9919456984099573,0,0
run-20260224_020150-19h3vt1n,augustocsc/gpt2_base_infix_682k,nguyen_1,pure_grpo,,,fixed_0.9,standard,0.0,0,0.9957376209566209,0,0
run-20260224_020250-dzy4e9x1,augustocsc/gpt2_base_infix_682k,nguyen_1,pure_grpo,,,fixed_0.9,standard,0.01,0,0.9955977593549694,0,0
run-20260224_020350-kurk3046,augustocsc/gpt2_base_infix_682k,nguyen_1,pure_grpo,,,fixed_0.9,standard,0.05,0,0.9934160642114969,0,0
run-20260224_020450-n6fit3t4,augustocsc/gpt2_base_infix_682k,nguyen_1,pure_grpo,,,fixed_0.9,standard,0.1,0,0.9871549135635846,0,0
run-20260224_020552-945bnehq,augustocsc/gpt2_base_infix_682k,nguyen_1,pure_grpo,,,linear_annealing,distractor,0.0,0,0.9609859855572573,0,0
run-20260224_020657-ap810mep,augustocsc/gpt2_base_infix_682k,nguyen_1,pure_grpo,,,linear_annealing,distractor,0.01,0,0.8966071194797105,0,0
run-20260224_020801-mwlg6lct,augustocsc/gpt2_base_infix_682k,nguyen_1,pure_grpo,,,linear_annealing,distractor,0.05,0,0.1601045942390139,0,0
run-20260224_020850-x8nnzf7a,augustocsc/gpt2_base_infix_682k,nguyen_1,pure_grpo,,,linear_annealing,distractor,0.1,0,0.3876766591032047,0,0
run-20260224_020941-z5k85dny,augustocsc/gpt2_base_infix_682k,nguyen_1,pure_grpo,,,linear_annealing,oracle,0.0,0,1.0,0,0
run-20260224_021101-r579ej38,augustocsc/gpt2_base_infix_682k,nguyen_1,pure_grpo,,,linear_annealing,oracle,0.01,0,0.9999174329533496,0,0
run-20260224_021227-n04fm41g,augustocsc/gpt2_base_infix_682k,nguyen_1,pure_grpo,,,linear_annealing,oracle,0.05,0,0.9979553279388851,0,0
run-20260224_021346-8zlg2urw,augustocsc/gpt2_base_infix_682k,nguyen_1,pure_grpo,,,linear_annealing,oracle,0.1,0,0.9919456984099573,0,0
run-20260224_021510-9xp0cz8j,augustocsc/gpt2_base_infix_682k,nguyen_1,pure_grpo,,,linear_annealing,standard,0.0,0,0.9957376209566209,0,0
run-20260224_021600-oirzmr5s,augustocsc/gpt2_base_infix_682k,nguyen_1,pure_grpo,,,linear_annealing,standard,0.01,0,0.9955977593549694,0,0
run-20260224_021651-ts5kz7ar,augustocsc/gpt2_base_infix_682k,nguyen_1,pure_grpo,,,linear_annealing,standard,0.05,0,0.9934160642114969,0,0
run-20260224_021740-loqnif6p,augustocsc/gpt2_base_infix_682k,nguyen_1,pure_grpo,,,linear_annealing,standard,0.1,0,0.9871549135635846,0,0
run-20260224_021830-rdli33lo,augustocsc/gpt2_base_infix_682k,nguyen_1,pure_grpo,,,cosine_annealing,distractor,0.0,0,0.8151728545686452,0,0
run-20260224_021937-ewqgfk7f,augustocsc/gpt2_base_infix_682k,nguyen_1,pure_grpo,,,cosine_annealing,distractor,0.01,0,0.7513592459216617,0,0
run-20260224_022030-jtistotu,augustocsc/gpt2_base_infix_682k,nguyen_1,pure_grpo,,,cosine_annealing,distractor,0.05,0,0.7455010362330317,0,0
run-20260224_022143-74jwuib5,augustocsc/gpt2_base_infix_682k,nguyen_1,pure_grpo,,,cosine_annealing,distractor,0.1,0,0.8560872316401134,0,0
run-20260224_022317-ptwt23nk,augustocsc/gpt2_base_infix_682k,nguyen_1,pure_grpo,,,cosine_annealing,oracle,0.0,0,0.9803419088422382,0,0
run-20260224_022429-o355gjxp,augustocsc/gpt2_base_infix_682k,nguyen_1,pure_grpo,,,cosine_annealing,oracle,0.01,0,0.9687923930290403,0,0
run-20260224_022549-gnfgrs29,augustocsc/gpt2_base_infix_682k,nguyen_1,pure_grpo,,,cosine_annealing,oracle,0.05,0,0.9634635979629163,0,0
run-20260224_022642-s0vhh12b,augustocsc/gpt2_base_infix_682k,nguyen_1,pure_grpo,,,cosine_annealing,oracle,0.1,0,0.9919456984099573,0,0
run-20260224_022754-18280afh,augustocsc/gpt2_base_infix_682k,nguyen_1,pure_grpo,,,cosine_annealing,standard,0.0,0,0.9957376209566209,0,0
run-20260224_022853-ujy3plpb,augustocsc/gpt2_base_infix_682k,nguyen_1,pure_grpo,,,cosine_annealing,standard,0.01,0,0.9955977593549694,0,0
run-20260224_022950-jjmunjha,augustocsc/gpt2_base_infix_682k,nguyen_1,pure_grpo,,,cosine_annealing,standard,0.05,0,0.9934160642114969,0,0
run-20260224_023047-d0pdhf4p,augustocsc/gpt2_base_infix_682k,nguyen_1,pure_grpo,,,cosine_annealing,standard,0.1,0,0.9871549135635846,0,0
run-20260224_023144-xxhere5w,augustocsc/gpt2_base_infix_682k,nguyen_1,pure_grpo,,,fixed_0.7,distractor,0.0,0,0.8319831568180241,0,0
run-20260224_023254-ggfspcsm,augustocsc/gpt2_base_infix_682k,nguyen_1,pure_grpo,,,fixed_0.7,distractor,0.01,0,0.6413866337497045,0,0
run-20260224_023343-emywmwx6,augustocsc/gpt2_base_infix_682k,nguyen_1,pure_grpo,,,fixed_0.7,distractor,0.05,0,0.9083667984915275,0,0
run-20260224_023434-usg44sv6,augustocsc/gpt2_base_infix_682k,nguyen_1,pure_grpo,,,fixed_0.7,distractor,0.1,0,0.9167146462258776,0,0
run-20260224_023538-jyr4waxy,augustocsc/gpt2_base_infix_682k,nguyen_1,pure_grpo,,,fixed_0.7,oracle,0.0,0,1.0,0,0
run-20260224_023648-0n8rqu6j,augustocsc/gpt2_base_infix_682k,nguyen_1,pure_grpo,,,fixed_0.7,oracle,0.01,0,0.9804388413766979,0,0
run-20260224_023848-op85atk7,augustocsc/gpt2_base_infix_682k,nguyen_1,pure_grpo,,,fixed_0.7,oracle,0.05,0,0.9979553279388851,0,0
run-20260224_023952-5aokqg5t,augustocsc/gpt2_base_infix_682k,nguyen_1,pure_grpo,,,fixed_0.7,oracle,0.1,0,0.9919456984099573,0,0
run-20260224_024124-gdeolu65,augustocsc/gpt2_base_infix_682k,nguyen_1,pure_grpo,,,fixed_0.7,standard,0.0,0,0.9836026740471949,0,0
run-20260224_024212-3r4sl8yy,augustocsc/gpt2_base_infix_682k,nguyen_1,pure_grpo,,,fixed_0.7,standard,0.01,0,0.983616275189806,0,0
run-20260224_024259-gd9rkevv,augustocsc/gpt2_base_infix_682k,nguyen_1,pure_grpo,,,fixed_0.7,standard,0.05,0,0.9820607716321068,0,0
run-20260224_024347-qz0c48zr,augustocsc/gpt2_base_infix_682k,nguyen_1,pure_grpo,,,fixed_0.7,standard,0.1,0,0.9766037926043901,0,0
run-20260224_024435-3yrz83pb,augustocsc/gpt2_base_infix_682k,nguyen_1,pure_grpo,,,fixed_0.9,distractor,0.0,0,0.9348973374855508,0,0
run-20260224_024525-saso9q2a,augustocsc/gpt2_base_infix_682k,nguyen_1,pure_grpo,,,fixed_0.9,distractor,0.01,0,0.5602360936850614,0,0
run-20260224_024628-o3ykjmar,augustocsc/gpt2_base_infix_682k,nguyen_1,pure_grpo,,,fixed_0.9,distractor,0.05,0,0.5648609257706818,0,0
run-20260224_024731-2evkueru,augustocsc/gpt2_base_infix_682k,nguyen_1,pure_grpo,,,fixed_0.9,distractor,0.1,0,0.7790827962084071,0,0
run-20260224_024833-io3wbxnj,augustocsc/gpt2_base_infix_682k,nguyen_1,pure_grpo,,,fixed_0.9,oracle,0.0,0,1.0,0,0
run-20260224_025019-cofkx1bx,augustocsc/gpt2_base_infix_682k,nguyen_1,pure_grpo,,,fixed_0.9,oracle,0.01,0,0.9999174329533496,0,0
run-20260224_025110-ok0457rb,augustocsc/gpt2_base_infix_682k,nguyen_1,pure_grpo,,,fixed_0.9,oracle,0.05,0,0.9979553279388851,0,0
run-20260224_025208-hdxr8o6h,augustocsc/gpt2_base_infix_682k,nguyen_1,pure_grpo,,,fixed_0.9,oracle,0.1,0,0.9919456984099573,0,0
run-20260224_025306-mmuif5q7,augustocsc/gpt2_base_infix_682k,nguyen_1,pure_grpo,,,fixed_0.9,standard,0.0,0,0.9957376209566209,0,0
run-20260224_025406-jwqokosp,augustocsc/gpt2_base_infix_682k,nguyen_1,pure_grpo,,,fixed_0.9,standard,0.01,0,0.9955977593549694,0,0
run-20260224_025506-yjpfhkq1,augustocsc/gpt2_base_infix_682k,nguyen_1,pure_grpo,,,fixed_0.9,standard,0.05,0,0.9934160642114969,0,0
run-20260224_025606-fmea9fz9,augustocsc/gpt2_base_infix_682k,nguyen_1,pure_grpo,,,fixed_0.9,standard,0.1,0,0.9871549135635846,0,0
run-20260224_025707-6sdyw39a,augustocsc/gpt2_base_infix_682k,nguyen_1,pure_grpo,,,linear_annealing,distractor,0.0,0,0.8159045633535251,0,0
run-20260224_025819-3akyop6b,augustocsc/gpt2_base_infix_682k,nguyen_1,pure_grpo,,,linear_annealing,distractor,0.01,0,0.4567904748885463,0,0
run-20260224_025931-6uqvggcj,augustocsc/gpt2_base_infix_682k,nguyen_1,pure_grpo,,,linear_annealing,distractor,0.05,0,0.8592727373581581,0,0
run-20260224_030059-8wkc0fhl,augustocsc/gpt2_base_infix_682k,nguyen_1,pure_grpo,,,linear_annealing,distractor,0.1,0,0.47286047665191333,0,0
run-20260224_030150-jd6tzaj7,augustocsc/gpt2_base_infix_682k,nguyen_1,pure_grpo,,,linear_annealing,oracle,0.0,0,0.9337226859090906,0,0
run-20260224_030257-ntnen7vj,augustocsc/gpt2_base_infix_682k,nguyen_1,pure_grpo,,,linear_annealing,oracle,0.01,0,0.9999174329533496,0,0
run-20260224_030421-ht9zdj0r,augustocsc/gpt2_base_infix_682k,nguyen_1,pure_grpo,,,linear_annealing,oracle,0.05,0,0.9737489225134991,0,0
run-20260224_030513-35obrq6c,augustocsc/gpt2_base_infix_682k,nguyen_1,pure_grpo,,,linear_annealing,oracle,0.1,0,0.9919456984099573,0,0
run-20260224_030611-sj1yqsoq,augustocsc/gpt2_base_infix_682k,nguyen_1,pure_grpo,,,linear_annealing,standard,0.0,0,0.9957376209566209,0,0
run-20260224_030707-h1oxd9ab,augustocsc/gpt2_base_infix_682k,nguyen_1,pure_grpo,,,linear_annealing,standard,0.01,0,0.9955977593549694,0,0
run-20260224_030802-efemdx9q,augustocsc/gpt2_base_infix_682k,nguyen_1,pure_grpo,,,linear_annealing,standard,0.05,0,0.9934160642114969,0,0
run-20260224_030858-w0qd1or3,augustocsc/gpt2_base_infix_682k,nguyen_1,pure_grpo,,,linear_annealing,standard,0.1,0,0.9871549135635846,0,0
run-20260224_030953-a3sor7pq,augustocsc/gpt2_base_infix_682k,nguyen_1,pure_grpo,,,cosine_annealing,distractor,0.0,0,0.9173056861709579,0,0
run-20260224_031104-r57c5ebi,augustocsc/gpt2_base_infix_682k,nguyen_1,pure_grpo,,,cosine_annealing,distractor,0.01,0,0.8322228396880333,0,0
run-20260224_031235-kf46uwn1,augustocsc/gpt2_base_infix_682k,nguyen_1,pure_grpo,,,cosine_annealing,distractor,0.05,0,0.9208889996087934,0,0
run-20260224_031338-5zu4gdoh,augustocsc/gpt2_base_infix_682k,nguyen_1,pure_grpo,,,cosine_annealing,distractor,0.1,0,0.2837875069845762,0,0
run-20260224_031434-la2hvnnb,augustocsc/gpt2_base_infix_682k,nguyen_1,pure_grpo,,,cosine_annealing,oracle,0.0,0,0.9803419088422382,0,0
run-20260224_031540-jdljv77l,augustocsc/gpt2_base_infix_682k,nguyen_1,pure_grpo,,,cosine_annealing,oracle,0.01,0,0.9646589533594127,0,0
run-20260224_031655-8cwygaz0,augustocsc/gpt2_base_infix_682k,nguyen_1,pure_grpo,,,cosine_annealing,oracle,0.05,0,0.9979553279388851,0,0
run-20260224_031747-pqk5toqx,augustocsc/gpt2_base_infix_682k,nguyen_1,pure_grpo,,,cosine_annealing,oracle,0.1,0,0.9919456984099573,0,0
run-20260224_031901-fr27m34g,augustocsc/gpt2_base_infix_682k,nguyen_1,pure_grpo,,,cosine_annealing,standard,0.0,0,0.9957376209566209,0,0
run-20260224_031951-rxqolvry,augustocsc/gpt2_base_infix_682k,nguyen_1,pure_grpo,,,cosine_annealing,standard,0.01,0,0.9955977593549694,0,0
run-20260224_032042-mc2istjn,augustocsc/gpt2_base_infix_682k,nguyen_1,pure_grpo,,,cosine_annealing,standard,0.05,0,0.9934160642114969,0,0
run-20260224_032131-7ug55zwl,augustocsc/gpt2_base_infix_682k,nguyen_1,pure_grpo,,,cosine_annealing,standard,0.1,0,0.9871549135635846,0,0
run-20260224_032222-4j3ot4vc,augustocsc/gpt2_base_infix_682k,nguyen_1,pure_grpo,,,fixed_0.7,distractor,0.0,0,0.6852204940567306,0,0
run-20260224_032328-mo4meo24,augustocsc/gpt2_base_infix_682k,nguyen_1,pure_grpo,,,fixed_0.7,distractor,0.01,0,0.8365662736695211,0,0
run-20260224_032428-8hrts2ky,augustocsc/gpt2_base_infix_682k,nguyen_1,pure_grpo,,,fixed_0.7,distractor,0.05,0,0.38907497734465135,0,0
run-20260224_032517-lvg9zf1q,augustocsc/gpt2_base_infix_682k,nguyen_1,pure_grpo,,,fixed_0.7,distractor,0.1,0,0.6589973668636281,0,0
run-20260224_032606-162x3g62,augustocsc/gpt2_base_infix_682k,nguyen_1,pure_grpo,,,fixed_0.7,oracle,0.0,0,1.0,0,0
run-20260224_032710-xte5s9uj,augustocsc/gpt2_base_infix_682k,nguyen_1,pure_grpo,,,fixed_0.7,oracle,0.01,0,0.9999174329533496,0,0
run-20260224_032810-bczdk2gh,augustocsc/gpt2_base_infix_682k,nguyen_1,pure_grpo,,,fixed_0.7,oracle,0.05,0,0.9979553279388851,0,0
run-20260224_032953-y2w9kkni,augustocsc/gpt2_base_infix_682k,nguyen_1,pure_grpo,,,fixed_0.7,oracle,0.1,0,0.9919456984099573,0,0
run-20260224_033052-7abpj4q8,augustocsc/gpt2_base_infix_682k,nguyen_1,pure_grpo,,,fixed_0.7,standard,0.0,0,0.9836026740471949,0,0
run-20260224_033140-n9nxmev4,augustocsc/gpt2_base_infix_682k,nguyen_1,pure_grpo,,,fixed_0.7,standard,0.01,0,0.983616275189806,0,0
run-20260224_033230-vpsu6qa9,augustocsc/gpt2_base_infix_682k,nguyen_1,pure_grpo,,,fixed_0.7,standard,0.05,0,0.9820607716321068,0,0
run-20260224_033318-bgutxlew,augustocsc/gpt2_base_infix_682k,nguyen_1,pure_grpo,,,fixed_0.7,standard,0.1,0,0.9766037926043901,0,0
run-20260224_033408-a5p7ske6,augustocsc/gpt2_base_infix_682k,nguyen_1,pure_grpo,,,fixed_0.9,distractor,0.0,0,0.23523674911029535,0,0
run-20260224_033459-5fv1nvtm,augustocsc/gpt2_base_infix_682k,nguyen_1,pure_grpo,,,fixed_0.9,distractor,0.01,0,0.7553931634261264,0,0
run-20260224_033616-6766m8g3,augustocsc/gpt2_base_infix_682k,nguyen_1,pure_grpo,,,fixed_0.9,distractor,0.05,0,0.8992615980682268,0,0
run-20260224_033716-xn7w7h5v,augustocsc/gpt2_base_infix_682k,nguyen_1,pure_grpo,,,fixed_0.9,distractor,0.1,0,0.8237207070936761,0,0
run-20260224_033839-h0jgpavj,augustocsc/gpt2_base_infix_682k,nguyen_1,pure_grpo,,,fixed_0.9,oracle,0.0,0,0.9803419088422382,0,0
run-20260224_033936-6ft45wf4,augustocsc/gpt2_base_infix_682k,nguyen_1,pure_grpo,,,fixed_0.9,oracle,0.01,0,0.9999174329533496,0,0
run-20260224_034027-hvhook7e,augustocsc/gpt2_base_infix_682k,nguyen_1,pure_grpo,,,fixed_0.9,oracle,0.05,0,0.9324040601253372,0,0
run-20260224_034118-9ss2onam,augustocsc/gpt2_base_infix_682k,nguyen_1,pure_grpo,,,fixed_0.9,oracle,0.1,0,0.9919456984099573,0,0
run-20260224_034224-e9eigm8p,augustocsc/gpt2_base_infix_682k,nguyen_1,pure_grpo,,,fixed_0.9,standard,0.0,0,0.9957376209566209,0,0
run-20260224_034324-n04gbd8x,augustocsc/gpt2_base_infix_682k,nguyen_1,pure_grpo,,,fixed_0.9,standard,0.01,0,0.9955977593549694,0,0
run-20260224_034425-o7r3taak,augustocsc/gpt2_base_infix_682k,nguyen_1,pure_grpo,,,fixed_0.9,standard,0.05,0,0.9934160642114969,0,0
run-20260224_034527-es51dtdm,augustocsc/gpt2_base_infix_682k,nguyen_1,pure_grpo,,,fixed_0.9,standard,0.1,0,0.9871549135635846,0,0
run-20260224_034627-0bmmhll1,augustocsc/gpt2_base_infix_682k,nguyen_1,pure_grpo,,,linear_annealing,distractor,0.0,0,0.9825167603266747,0,0
run-20260224_034750-qtg64bzw,augustocsc/gpt2_base_infix_682k,nguyen_1,pure_grpo,,,linear_annealing,distractor,0.01,0,0.8957021579556512,0,0
run-20260224_034840-yj7fqsx4,augustocsc/gpt2_base_infix_682k,nguyen_1,pure_grpo,,,linear_annealing,distractor,0.05,0,0.3711275030390623,0,0
run-20260224_034931-nitdyfp2,augustocsc/gpt2_base_infix_682k,nguyen_1,pure_grpo,,,linear_annealing,distractor,0.1,0,0.898283641066832,0,0
run-20260224_035111-3emnxile,augustocsc/gpt2_base_infix_682k,nguyen_1,pure_grpo,,,linear_annealing,oracle,0.0,0,1.0,0,0
run-20260224_035217-7zzagemn,augustocsc/gpt2_base_infix_682k,nguyen_1,pure_grpo,,,linear_annealing,oracle,0.01,0,0.9999174329533496,0,0
run-20260224_035343-lhor347q,augustocsc/gpt2_base_infix_682k,nguyen_1,pure_grpo,,,linear_annealing,oracle,0.05,0,0.9979553279388851,0,0
run-20260224_035447-tlbervjf,augustocsc/gpt2_base_infix_682k,nguyen_1,pure_grpo,,,linear_annealing,oracle,0.1,0,0.9919456984099573,0,0
run-20260224_035619-oze9gj2r,augustocsc/gpt2_base_infix_682k,nguyen_1,pure_grpo,,,linear_annealing,standard,0.0,0,0.9957376209566209,0,0
run-20260224_035707-tu9z4rjr,augustocsc/gpt2_base_infix_682k,nguyen_1,pure_grpo,,,linear_annealing,standard,0.01,0,0.9955977593549694,0,0
run-20260224_035757-eqqbktq1,augustocsc/gpt2_base_infix_682k,nguyen_1,pure_grpo,,,linear_annealing,standard,0.05,0,0.9934160642114969,0,0
run-20260224_035847-qn0fyamq,augustocsc/gpt2_base_infix_682k,nguyen_1,pure_grpo,,,linear_annealing,standard,0.1,0,0.9871549135635846,0,0
run-20260224_035938-du5cdw5k,augustocsc/gpt2_base_infix_682k,nguyen_1,pure_grpo,,,cosine_annealing,distractor,0.0,0,0.8346869359827703,0,0
run-20260224_040034-wdoryla3,augustocsc/gpt2_base_infix_682k,nguyen_1,pure_grpo,,,cosine_annealing,distractor,0.01,0,0.5254033881174943,0,0
run-20260224_040136-flhhgz97,augustocsc/gpt2_base_infix_682k,nguyen_1,pure_grpo,,,cosine_annealing,distractor,0.05,0,0.8303022003526652,0,0
run-20260224_040234-bodk0ng3,augustocsc/gpt2_base_infix_682k,nguyen_1,pure_grpo,,,cosine_annealing,distractor,0.1,0,0.35079644359500695,0,0
run-20260224_040358-l7qh2k53,augustocsc/gpt2_base_infix_682k,nguyen_1,pure_grpo,,,cosine_annealing,oracle,0.0,0,0.8586234769188161,0,0
run-20260224_040455-9ddjl36g,augustocsc/gpt2_base_infix_682k,nguyen_1,pure_grpo,,,cosine_annealing,oracle,0.01,0,0.9999174329533496,0,0
run-20260224_040600-k9wg87n6,augustocsc/gpt2_base_infix_682k,nguyen_1,pure_grpo,,,cosine_annealing,oracle,0.05,0,0.9979553279388851,0,0
run-20260224_040651-zxmbo2xo,augustocsc/gpt2_base_infix_682k,nguyen_1,pure_grpo,,,cosine_annealing,oracle,0.1,0,0.9628078691628632,0,0
run-20260224_040833-23y23btj,augustocsc/gpt2_base_infix_682k,nguyen_1,pure_grpo,,,cosine_annealing,standard,0.0,0,0.9957376209566209,0,0
run-20260224_040929-ikiemr0x,augustocsc/gpt2_base_infix_682k,nguyen_1,pure_grpo,,,cosine_annealing,standard,0.01,0,0.9955977593549694,0,0
run-20260224_041024-xi0hx6un,augustocsc/gpt2_base_infix_682k,nguyen_1,pure_grpo,,,cosine_annealing,standard,0.05,0,0.9934160642114969,0,0
run-20260224_041120-4wzgpfcp,augustocsc/gpt2_base_infix_682k,nguyen_1,pure_grpo,,,cosine_annealing,standard,0.1,0,0.9871549135635846,0,0
run-20260224_041216-hzlj970k,augustocsc/gpt2_base_infix_682k,nguyen_1,pure_grpo,,,fixed_0.7,distractor,0.0,0,0.908388772479114,0,0
run-20260224_041339-4m4q2s3e,augustocsc/gpt2_base_infix_682k,nguyen_1,pure_grpo,,,fixed_0.7,distractor,0.01,0,0.8996063839995638,0,0
run-20260224_041451-fvsseq1s,augustocsc/gpt2_base_infix_682k,nguyen_1,pure_grpo,,,fixed_0.7,distractor,0.05,0,0.9356489350214929,0,0
run-20260224_041623-e701ifkc,augustocsc/gpt2_base_infix_682k,nguyen_1,pure_grpo,,,fixed_0.7,distractor,0.1,0,0.8207545085792695,0,0
run-20260224_041756-52p57209,augustocsc/gpt2_base_infix_682k,nguyen_1,pure_grpo,,,fixed_0.7,oracle,0.0,0,1.0,0,0
run-20260224_041913-4qm39jhf,augustocsc/gpt2_base_infix_682k,nguyen_1,pure_grpo,,,fixed_0.7,oracle,0.01,0,0.9690205716729323,0,0
run-20260224_042019-4hzzre7r,augustocsc/gpt2_base_infix_682k,nguyen_1,pure_grpo,,,fixed_0.7,oracle,0.05,0,0.9979553279388851,0,0
run-20260224_042143-gwcmzdcm,augustocsc/gpt2_base_infix_682k,nguyen_1,pure_grpo,,,fixed_0.7,oracle,0.1,0,0.9919456984099573,0,0
run-20260224_042350-9w0hztbh,augustocsc/gpt2_base_infix_682k,nguyen_1,pure_grpo,,,fixed_0.7,standard,0.0,0,0.9836026740471949,0,0
run-20260224_042443-a82h6iul,augustocsc/gpt2_base_infix_682k,nguyen_1,pure_grpo,,,fixed_0.7,standard,0.01,0,0.983616275189806,0,0
run-20260224_042534-q32yvnjd,augustocsc/gpt2_base_infix_682k,nguyen_1,pure_grpo,,,fixed_0.7,standard,0.05,0,0.9820607716321068,0,0
run-20260224_042623-mfgjdrrf,augustocsc/gpt2_base_infix_682k,nguyen_1,pure_grpo,,,fixed_0.7,standard,0.1,0,0.9766037926043901,0,0
run-20260224_042716-ks7qhxod,augustocsc/gpt2_base_infix_682k,nguyen_1,pure_grpo,,,fixed_0.9,distractor,0.0,0,0.7398657232603871,0,0
run-20260224_042924-ufd15hji,augustocsc/gpt2_base_infix_682k,nguyen_1,pure_grpo,,,fixed_0.9,distractor,0.01,0,0.9440305295864764,0,0
run-20260224_043033-b9kqq5rh,augustocsc/gpt2_base_infix_682k,nguyen_1,pure_grpo,,,fixed_0.9,distractor,0.05,0,0.6594952200903512,0,0
run-20260224_043141-m4btza9p,augustocsc/gpt2_base_infix_682k,nguyen_1,pure_grpo,,,fixed_0.9,distractor,0.1,0,0.45956475031658417,0,0
run-20260224_043306-z3o74jzg,augustocsc/gpt2_base_infix_682k,nguyen_1,pure_grpo,,,fixed_0.9,oracle,0.0,0,1.0,0,0
run-20260224_043406-zrrhj4rf,augustocsc/gpt2_base_infix_682k,nguyen_1,pure_grpo,,,fixed_0.9,oracle,0.01,0,0.9401712287176577,0,0
run-20260224_043506-se9eou1c,augustocsc/gpt2_base_infix_682k,nguyen_1,pure_grpo,,,fixed_0.9,oracle,0.05,0,0.9979553279388851,0,0
run-20260224_043612-ozggismf,augustocsc/gpt2_base_infix_682k,nguyen_1,pure_grpo,,,fixed_0.9,oracle,0.1,0,0.9919456984099573,0,0
run-20260224_043714-tgscabck,augustocsc/gpt2_base_infix_682k,nguyen_1,pure_grpo,,,fixed_0.9,standard,0.0,0,0.9957376209566209,0,0
run-20260224_043818-qwpjn6pt,augustocsc/gpt2_base_infix_682k,nguyen_1,pure_grpo,,,fixed_0.9,standard,0.01,0,0.9955977593549694,0,0
run-20260224_043919-9vz8p9ub,augustocsc/gpt2_base_infix_682k,nguyen_1,pure_grpo,,,fixed_0.9,standard,0.05,0,0.9934160642114969,0,0
run-20260224_044020-ij5qfply,augustocsc/gpt2_base_infix_682k,nguyen_1,pure_grpo,,,fixed_0.9,standard,0.1,0,0.9871549135635846,0,0
run-20260224_044121-iefj9bau,augustocsc/gpt2_base_infix_682k,nguyen_1,pure_grpo,,,linear_annealing,distractor,0.0,0,0.8243504362012173,0,0
run-20260224_044231-f4qrav6e,augustocsc/gpt2_base_infix_682k,nguyen_1,pure_grpo,,,linear_annealing,distractor,0.01,0,0.7592208825899472,0,0
run-20260224_044406-9jegdkab,augustocsc/gpt2_base_infix_682k,nguyen_1,pure_grpo,,,linear_annealing,distractor,0.05,0,0.6362038653777443,0,0
run-20260224_044518-xbt65x0m,augustocsc/gpt2_base_infix_682k,nguyen_1,pure_grpo,,,linear_annealing,distractor,0.1,0,0.967466018823177,0,0
run-20260224_044641-xff5qmwr,augustocsc/gpt2_base_infix_682k,nguyen_1,pure_grpo,,,linear_annealing,oracle,0.0,0,1.0,0,0
run-20260224_044733-x2mada4j,augustocsc/gpt2_base_infix_682k,nguyen_1,pure_grpo,,,linear_annealing,oracle,0.01,0,0.9690205716729323,0,0
run-20260224_044840-u2e9ypgf,augustocsc/gpt2_base_infix_682k,nguyen_1,pure_grpo,,,linear_annealing,oracle,0.05,0,0.9737489225134991,0,0
run-20260224_045002-h8tlzdga,augustocsc/gpt2_base_infix_682k,nguyen_1,pure_grpo,,,linear_annealing,oracle,0.1,0,0.9258181398139593,0,0
run-20260224_045110-xh6ozx1s,augustocsc/gpt2_base_infix_682k,nguyen_1,pure_grpo,,,linear_annealing,standard,0.0,0,0.9957376209566209,0,0
run-20260224_045205-4hi7rjvl,augustocsc/gpt2_base_infix_682k,nguyen_1,pure_grpo,,,linear_annealing,standard,0.01,0,0.9955977593549694,0,0
run-20260224_045301-438585gi,augustocsc/gpt2_base_infix_682k,nguyen_1,pure_grpo,,,linear_annealing,standard,0.05,0,0.9934160642114969,0,0
run-20260224_045358-igzn5d5j,augustocsc/gpt2_base_infix_682k,nguyen_1,pure_grpo,,,linear_annealing,standard,0.1,0,0.9871549135635846,0,0
run-20260224_045454-wwdlrl3u,augustocsc/gpt2_base_infix_682k,nguyen_1,pure_grpo,,,cosine_annealing,distractor,0.0,0,0.9348973374855508,0,0
run-20260224_045551-c720zcvs,augustocsc/gpt2_base_infix_682k,nguyen_1,pure_grpo,,,cosine_annealing,distractor,0.01,0,0.844997531855278,0,0
run-20260224_045709-fb6cfpxe,augustocsc/gpt2_base_infix_682k,nguyen_1,pure_grpo,,,cosine_annealing,distractor,0.05,0,0.5724830361634083,0,0
run-20260224_045812-g1rdz5e8,augustocsc/gpt2_base_infix_682k,nguyen_1,pure_grpo,,,cosine_annealing,distractor,0.1,0,0.8320944190958297,0,0
run-20260224_045923-7eetinsq,augustocsc/gpt2_base_infix_682k,nguyen_1,pure_grpo,,,cosine_annealing,oracle,0.0,0,0.9803419088422382,0,0
run-20260224_050026-nuo5h48e,augustocsc/gpt2_base_infix_682k,nguyen_1,pure_grpo,,,cosine_annealing,oracle,0.01,0,0.9646589533594127,0,0
run-20260224_050118-pqigxazg,augustocsc/gpt2_base_infix_682k,nguyen_1,pure_grpo,,,cosine_annealing,oracle,0.05,0,0.9942847645052548,0,0
run-20260224_050229-fer0wp0x,augustocsc/gpt2_base_infix_682k,nguyen_1,pure_grpo,,,cosine_annealing,oracle,0.1,0,0.9919456984099573,0,0
run-20260224_050355-ozdndaow,augustocsc/gpt2_base_infix_682k,nguyen_1,pure_grpo,,,cosine_annealing,standard,0.0,0,0.9957376209566209,0,0
run-20260224_050445-zqf1waw0,augustocsc/gpt2_base_infix_682k,nguyen_1,pure_grpo,,,cosine_annealing,standard,0.01,0,0.9955977593549694,0,0
run-20260224_050534-was29fk9,augustocsc/gpt2_base_infix_682k,nguyen_1,pure_grpo,,,cosine_annealing,standard,0.05,0,0.9934160642114969,0,0
run-20260224_050623-czk5mcua,augustocsc/gpt2_base_infix_682k,nguyen_1,pure_grpo,,,cosine_annealing,standard,0.1,0,0.9871549135635846,0,0
run-20260224_050713-5iukanmx,augustocsc/gpt2_base_infix_682k,nguyen_1,pure_grpo,,,fixed_0.7,distractor,0.0,0,0.6329037704302367,0,0
run-20260224_050801-yct8mc7g,augustocsc/gpt2_base_infix_682k,nguyen_1,pure_grpo,,,fixed_0.7,distractor,0.01,0,0.9012248854135313,0,0
run-20260224_050848-eohnqks3,augustocsc/gpt2_base_infix_682k,nguyen_1,pure_grpo,,,fixed_0.7,distractor,0.05,0,0.979217990684275,0,0
run-20260224_051006-715mppqu,augustocsc/gpt2_base_infix_682k,nguyen_1,pure_grpo,,,fixed_0.7,distractor,0.1,0,0.9585122940266477,0,0
run-20260224_051108-esyuyio3,augustocsc/gpt2_base_infix_682k,nguyen_1,pure_grpo,,,fixed_0.7,oracle,0.0,0,1.0,0,0
run-20260224_051253-230y4l48,augustocsc/gpt2_base_infix_682k,nguyen_1,pure_grpo,,,fixed_0.7,oracle,0.01,0,0.9059528628603365,0,0
run-20260224_051348-l9vhaqll,augustocsc/gpt2_base_infix_682k,nguyen_1,pure_grpo,,,fixed_0.7,oracle,0.05,0,0.9979553279388851,0,0
run-20260224_051517-zguzg4mp,augustocsc/gpt2_base_infix_682k,nguyen_1,pure_grpo,,,fixed_0.7,oracle,0.1,0,0.9919456984099573,0,0
run-20260224_051650-b6mhlfss,augustocsc/gpt2_base_infix_682k,nguyen_1,pure_grpo,,,fixed_0.7,standard,0.0,0,0.9836026740471949,0,0
run-20260224_051737-40v6lyw3,augustocsc/gpt2_base_infix_682k,nguyen_1,pure_grpo,,,fixed_0.7,standard,0.01,0,0.983616275189806,0,0
run-20260224_051830-8on1guk7,augustocsc/gpt2_base_infix_682k,nguyen_1,pure_grpo,,,fixed_0.7,standard,0.05,0,0.9820607716321068,0,0
run-20260224_051921-ni9uqqdr,augustocsc/gpt2_base_infix_682k,nguyen_1,pure_grpo,,,fixed_0.7,standard,0.1,0,0.9766037926043901,0,0
run-20260224_052013-p5f6z63u,augustocsc/gpt2_base_infix_682k,nguyen_1,pure_grpo,,,fixed_0.9,distractor,0.0,0,0.9787844827251192,0,0
run-20260224_052112-fovtdl5x,augustocsc/gpt2_base_infix_682k,nguyen_1,pure_grpo,,,fixed_0.9,distractor,0.01,0,0.666188815846942,0,0
run-20260224_052209-aeujotfr,augustocsc/gpt2_base_infix_682k,nguyen_1,pure_grpo,,,fixed_0.9,distractor,0.05,0,0.3711275030390623,0,0
run-20260224_052301-jpaud57n,augustocsc/gpt2_base_infix_682k,nguyen_1,pure_grpo,,,fixed_0.9,distractor,0.1,0,0.7571964607046437,0,0
run-20260224_052358-8ntbowqj,augustocsc/gpt2_base_infix_682k,nguyen_1,pure_grpo,,,fixed_0.9,oracle,0.0,0,1.0,0,0
run-20260224_052607-u91hr1ep,augustocsc/gpt2_base_infix_682k,nguyen_1,pure_grpo,,,fixed_0.9,oracle,0.01,0,0.9999174329533496,0,0
run-20260224_052705-j6t4r4c0,augustocsc/gpt2_base_infix_682k,nguyen_1,pure_grpo,,,fixed_0.9,oracle,0.05,0,0.9381894268471984,0,0
run-20260224_052810-d93wdwou,augustocsc/gpt2_base_infix_682k,nguyen_1,pure_grpo,,,fixed_0.9,oracle,0.1,0,0.9167146462258776,0,0
run-20260224_052904-a5wnl42j,augustocsc/gpt2_base_infix_682k,nguyen_1,pure_grpo,,,fixed_0.9,standard,0.0,0,0.9957376209566209,0,0
run-20260224_052952-h8pplf2s,augustocsc/gpt2_base_infix_682k,nguyen_1,pure_grpo,,,fixed_0.9,standard,0.01,0,0.9955977593549694,0,0
run-20260224_053043-zsz6d3ns,augustocsc/gpt2_base_infix_682k,nguyen_1,pure_grpo,,,fixed_0.9,standard,0.05,0,0.9934160642114969,0,0
run-20260224_053131-e9x8bm7s,augustocsc/gpt2_base_infix_682k,nguyen_1,pure_grpo,,,fixed_0.9,standard,0.1,0,0.9871549135635846,0,0
run-20260224_053220-zmpu3qv4,augustocsc/gpt2_base_infix_682k,nguyen_1,pure_grpo,,,linear_annealing,distractor,0.0,0,0.9438980459783312,0,0
run-20260224_053427-815ppr9f,augustocsc/gpt2_base_infix_682k,nguyen_1,pure_grpo,,,linear_annealing,distractor,0.01,0,0.8244759045114941,0,0
run-20260224_053518-cwaybg8x,augustocsc/gpt2_base_infix_682k,nguyen_1,pure_grpo,,,linear_annealing,distractor,0.05,0,0.8980920813329791,0,0
run-20260224_053616-64slch4v,augustocsc/gpt2_base_infix_682k,nguyen_1,pure_grpo,,,linear_annealing,distractor,0.1,0,0.9705116459184748,0,0
run-20260224_053736-t94tv1i1,augustocsc/gpt2_base_infix_682k,nguyen_1,pure_grpo,,,linear_annealing,oracle,0.0,0,0.9427367305806618,0,0
run-20260224_053828-rno9o1vd,augustocsc/gpt2_base_infix_682k,nguyen_1,pure_grpo,,,linear_annealing,oracle,0.01,0,0.9804388413766979,0,0
run-20260224_053925-hpaoy7vk,augustocsc/gpt2_base_infix_682k,nguyen_1,pure_grpo,,,linear_annealing,oracle,0.05,0,0.9979553279388851,0,0
run-20260224_054031-o1h2ldux,augustocsc/gpt2_base_infix_682k,nguyen_1,pure_grpo,,,linear_annealing,oracle,0.1,0,0.9919456984099573,0,0
run-20260224_054215-t1je7dk3,augustocsc/gpt2_base_infix_682k,nguyen_1,pure_grpo,,,linear_annealing,standard,0.0,0,0.9957376209566209,0,0
run-20260224_054305-5kilq96j,augustocsc/gpt2_base_infix_682k,nguyen_1,pure_grpo,,,linear_annealing,standard,0.01,0,0.9955977593549694,0,0
run-20260224_054354-9h26yo9w,augustocsc/gpt2_base_infix_682k,nguyen_1,pure_grpo,,,linear_annealing,standard,0.05,0,0.9934160642114969,0,0
run-20260224_054443-gzqs1fm7,augustocsc/gpt2_base_infix_682k,nguyen_1,pure_grpo,,,linear_annealing,standard,0.1,0,0.9871549135635846,0,0
run-20260224_054533-upl67n6k,augustocsc/gpt2_base_infix_682k,nguyen_1,pure_grpo,,,cosine_annealing,distractor,0.0,0,0.6970225651145471,0,0
run-20260224_054627-6usyx4jn,augustocsc/gpt2_base_infix_682k,nguyen_1,pure_grpo,,,cosine_annealing,distractor,0.01,0,0.3186802644688054,0,0
run-20260224_054723-n6v1gwb1,augustocsc/gpt2_base_infix_682k,nguyen_1,pure_grpo,,,cosine_annealing,distractor,0.05,0,0.7086904128853034,0,0
run-20260224_054845-y41dysdz,augustocsc/gpt2_base_infix_682k,nguyen_1,pure_grpo,,,cosine_annealing,distractor,0.1,0,0.32227585501989153,0,0
run-20260224_054948-3jsihit8,augustocsc/gpt2_base_infix_682k,nguyen_1,pure_grpo,,,cosine_annealing,oracle,0.0,0,0.9803419088422382,0,0
run-20260224_055046-an1n3n33,augustocsc/gpt2_base_infix_682k,nguyen_1,pure_grpo,,,cosine_annealing,oracle,0.01,0,0.9999174329533496,0,0
run-20260224_055143-c7lu771u,augustocsc/gpt2_base_infix_682k,nguyen_1,pure_grpo,,,cosine_annealing,oracle,0.05,0,0.9979553279388851,0,0
run-20260224_055241-a8xd2f68,augustocsc/gpt2_base_infix_682k,nguyen_1,pure_grpo,,,cosine_annealing,oracle,0.1,0,0.9919456984099573,0,0
run-20260224_055346-bmg80ow1,augustocsc/gpt2_base_infix_682k,nguyen_1,pure_grpo,,,cosine_annealing,standard,0.0,0,0.9957376209566209,0,0
run-20260224_055442-ld9hp055,augustocsc/gpt2_base_infix_682k,nguyen_1,pure_grpo,,,cosine_annealing,standard,0.01,0,0.9955977593549694,0,0
run-20260224_055537-33jnbyvx,augustocsc/gpt2_base_infix_682k,nguyen_1,pure_grpo,,,cosine_annealing,standard,0.05,0,0.9934160642114969,0,0
run-20260224_055636-cusbxsgx,augustocsc/gpt2_base_infix_682k,nguyen_1,pure_grpo,,,cosine_annealing,standard,0.1,0,0.9871549135635846,0,0
run-20260224_055732-9stfe5e7,augustocsc/gpt2_base_infix_682k,nguyen_1,pure_grpo,,,fixed_0.7,distractor,0.0,0,0.9035280751355473,0,0
run-20260224_055852-bofasvos,augustocsc/gpt2_base_infix_682k,nguyen_1,pure_grpo,,,fixed_0.7,distractor,0.01,0,0.5765541575551919,0,0
run-20260224_055953-m67wzdco,augustocsc/gpt2_base_infix_682k,nguyen_1,pure_grpo,,,fixed_0.7,distractor,0.05,0,0.687571552165583,0,0
run-20260224_060123-h56r1wqp,augustocsc/gpt2_base_infix_682k,nguyen_1,pure_grpo,,,fixed_0.7,distractor,0.1,0,0.8233871886396673,0,0
run-20260224_060242-pax5mi44,augustocsc/gpt2_base_infix_682k,nguyen_1,pure_grpo,,,fixed_0.7,oracle,0.0,0,1.0,0,0
run-20260224_060354-jfn7crrh,augustocsc/gpt2_base_infix_682k,nguyen_1,pure_grpo,,,fixed_0.7,oracle,0.01,0,0.9999174329533496,0,0
run-20260224_060513-90ugeb24,augustocsc/gpt2_base_infix_682k,nguyen_1,pure_grpo,,,fixed_0.7,oracle,0.05,0,0.9979553279388851,0,0
run-20260224_060644-ki4nas4h,augustocsc/gpt2_base_infix_682k,nguyen_1,pure_grpo,,,fixed_0.7,oracle,0.1,0,0.9919456984099573,0,0
run-20260224_060741-dhd30dvm,augustocsc/gpt2_base_infix_682k,nguyen_1,pure_grpo,,,fixed_0.7,standard,0.0,0,0.9836026740471949,0,0
run-20260224_060829-pjkr1d03,augustocsc/gpt2_base_infix_682k,nguyen_1,pure_grpo,,,fixed_0.7,standard,0.01,0,0.983616275189806,0,0
run-20260224_060918-rhrhx1k0,augustocsc/gpt2_base_infix_682k,nguyen_1,pure_grpo,,,fixed_0.7,standard,0.05,0,0.9820607716321068,0,0
run-20260224_061006-fhkbile5,augustocsc/gpt2_base_infix_682k,nguyen_1,pure_grpo,,,fixed_0.7,standard,0.1,0,0.9766037926043901,0,0
run-20260224_061054-y7mlrul2,augustocsc/gpt2_base_infix_682k,nguyen_1,pure_grpo,,,fixed_0.9,distractor,0.0,0,0.6355971599378372,0,0
run-20260224_061217-yaqana1e,augustocsc/gpt2_base_infix_682k,nguyen_1,pure_grpo,,,fixed_0.9,distractor,0.01,0,0.8947382968712645,0,0
run-20260224_061412-j9gxmwc9,augustocsc/gpt2_base_infix_682k,nguyen_1,pure_grpo,,,fixed_0.9,distractor,0.05,0,0.697592073593015,0,0
run-20260224_061514-f4i3qein,augustocsc/gpt2_base_infix_682k,nguyen_1,pure_grpo,,,fixed_0.9,distractor,0.1,0,0.7790827962084071,0,0
run-20260224_061616-tchg8dd5,augustocsc/gpt2_base_infix_682k,nguyen_1,pure_grpo,,,fixed_0.9,oracle,0.0,0,0.9645620157671827,0,0
run-20260224_061716-019vmtzx,augustocsc/gpt2_base_infix_682k,nguyen_1,pure_grpo,,,fixed_0.9,oracle,0.01,0,0.9999174329533496,0,0
run-20260224_061810-dbd05xe4,augustocsc/gpt2_base_infix_682k,nguyen_1,pure_grpo,,,fixed_0.9,oracle,0.05,0,0.9979553279388851,0,0
run-20260224_061914-dhhyiwfy,augustocsc/gpt2_base_infix_682k,nguyen_1,pure_grpo,,,fixed_0.9,oracle,0.1,0,0.9919456984099573,0,0
run-20260224_062042-flpzva2y,augustocsc/gpt2_base_infix_682k,nguyen_1,pure_grpo,,,fixed_0.9,standard,0.0,0,0.9957376209566209,0,0
run-20260224_062146-ur7wc2b6,augustocsc/gpt2_base_infix_682k,nguyen_1,pure_grpo,,,fixed_0.9,standard,0.01,0,0.9955977593549694,0,0
run-20260224_062247-7lcn6hi0,augustocsc/gpt2_base_infix_682k,nguyen_1,pure_grpo,,,fixed_0.9,standard,0.05,0,0.9934160642114969,0,0
run-20260224_062406-kfe0mauf,augustocsc/gpt2_base_infix_682k,nguyen_1,pure_grpo,,,fixed_0.9,standard,0.1,0,0.9871549135635846,0,0
run-20260224_062529-v9sf7zv9,augustocsc/gpt2_base_infix_682k,nguyen_1,pure_grpo,,,linear_annealing,distractor,0.0,0,0.5633874607187093,0,0
run-20260224_062656-0qzrfpbw,augustocsc/gpt2_base_infix_682k,nguyen_1,pure_grpo,,,linear_annealing,distractor,0.01,0,0.8130910663649775,0,0
run-20260224_062836-s8h8q9x7,augustocsc/gpt2_base_infix_682k,nguyen_1,pure_grpo,,,linear_annealing,distractor,0.05,0,0.6377722633133387,0,0
run-20260224_063010-8a1jsayl,augustocsc/gpt2_base_infix_682k,nguyen_1,pure_grpo,,,linear_annealing,distractor,0.1,0,0.7566051129298668,0,0
run-20260224_063115-ksrf0ias,augustocsc/gpt2_base_infix_682k,nguyen_1,pure_grpo,,,linear_annealing,oracle,0.0,0,0.977453758113903,0,0
run-20260224_063209-7rbhovxd,augustocsc/gpt2_base_infix_682k,nguyen_1,pure_grpo,,,linear_annealing,oracle,0.01,0,0.9690205716729323,0,0
run-20260224_063316-c2hwzy67,augustocsc/gpt2_base_infix_682k,nguyen_1,pure_grpo,,,linear_annealing,oracle,0.05,0,0.9979553279388851,0,0
run-20260224_063433-9kanue71,augustocsc/gpt2_base_infix_682k,nguyen_1,pure_grpo,,,linear_annealing,oracle,0.1,0,0.9919456984099573,0,0
run-20260224_063527-hg3nlmuj,augustocsc/gpt2_base_infix_682k,nguyen_1,pure_grpo,,,linear_annealing,standard,0.0,0,0.9957376209566209,0,0
run-20260224_063626-dpsxazha,augustocsc/gpt2_base_infix_682k,nguyen_1,pure_grpo,,,linear_annealing,standard,0.01,0,0.9955977593549694,0,0
run-20260224_063727-5e9d8wjj,augustocsc/gpt2_base_infix_682k,nguyen_1,pure_grpo,,,linear_annealing,standard,0.05,0,0.9934160642114969,0,0
run-20260224_063826-bzmyfph6,augustocsc/gpt2_base_infix_682k,nguyen_1,pure_grpo,,,linear_annealing,standard,0.1,0,0.9871549135635846,0,0
run-20260224_063926-4ywdmuqk,augustocsc/gpt2_base_infix_682k,nguyen_1,pure_ppo,,,cosine_annealing,distractor,0.0,0,0.30651889675349064,0,0
run-20260224_064023-u5ijfanc,augustocsc/gpt2_base_infix_682k,nguyen_1,pure_ppo,,,cosine_annealing,distractor,0.01,0,0.8075953526323781,0,0
run-20260224_064200-wpqu5ihm,augustocsc/gpt2_base_infix_682k,nguyen_1,pure_ppo,,,cosine_annealing,distractor,0.05,0,0.9324040601253372,0,0
run-20260224_064316-3oj4iu0a,augustocsc/gpt2_base_infix_682k,nguyen_1,pure_ppo,,,cosine_annealing,distractor,0.1,0,0.47286047665191333,0,0
run-20260224_064413-2p06tjgj,augustocsc/gpt2_base_infix_682k,nguyen_1,pure_ppo,,,cosine_annealing,oracle,0.0,0,1.0,0,0
run-20260224_064521-tmru298e,augustocsc/gpt2_base_infix_682k,nguyen_1,pure_ppo,,,cosine_annealing,oracle,0.01,0,0.9999174329533496,0,0
run-20260224_064631-w4kzbrwa,augustocsc/gpt2_base_infix_682k,nguyen_1,pure_ppo,,,cosine_annealing,oracle,0.05,0,0.9979553279388851,0,0
run-20260224_064730-6jg875yi,augustocsc/gpt2_base_infix_682k,nguyen_1,pure_ppo,,,cosine_annealing,oracle,0.1,0,0.9741792423970366,0,0
run-20260224_064905-yt92nsqg,augustocsc/gpt2_base_infix_682k,nguyen_1,pure_ppo,,,cosine_annealing,standard,0.0,0,0.9825167603266747,0,0
run-20260224_065005-f0uwtk0k,augustocsc/gpt2_base_infix_682k,nguyen_1,pure_ppo,,,cosine_annealing,standard,0.01,0,0.9822227042513996,0,0
run-20260224_065103-2j9022k3,augustocsc/gpt2_base_infix_682k,nguyen_1,pure_ppo,,,cosine_annealing,standard,0.05,0,0.9794528599831677,0,0
run-20260224_065201-wtnocazn,augustocsc/gpt2_base_infix_682k,nguyen_1,pure_ppo,,,cosine_annealing,standard,0.1,0,0.972524494171433,0,0
run-20260224_065259-lwhcy74o,augustocsc/gpt2_base_infix_682k,nguyen_1,pure_ppo,,,fixed_0.7,distractor,0.0,0,0.9035280751355473,0,0
run-20260224_065407-z5fw47y9,augustocsc/gpt2_base_infix_682k,nguyen_1,pure_ppo,,,fixed_0.7,distractor,0.01,0,0.9690205716729323,0,0
run-20260224_065502-om08fcst,augustocsc/gpt2_base_infix_682k,nguyen_1,pure_ppo,,,fixed_0.7,distractor,0.05,0,0.8273030648192423,0,0
run-20260224_065609-l82igxlg,augustocsc/gpt2_base_infix_682k,nguyen_1,pure_ppo,,,fixed_0.7,distractor,0.1,0,0.6632616966125686,0,0
run-20260224_065711-7zqs51p3,augustocsc/gpt2_base_infix_682k,nguyen_1,pure_ppo,,,fixed_0.7,oracle,0.0,0,1.0,0,0
run-20260224_065824-dsu6y2e9,augustocsc/gpt2_base_infix_682k,nguyen_1,pure_ppo,,,fixed_0.7,oracle,0.01,0,0.9999174329533496,0,0
run-20260224_065958-f3e8c1w0,augustocsc/gpt2_base_infix_682k,nguyen_1,pure_ppo,,,fixed_0.7,oracle,0.05,0,0.9737489225134991,0,0
run-20260224_070111-w3q95h24,augustocsc/gpt2_base_infix_682k,nguyen_1,pure_ppo,,,fixed_0.7,oracle,0.1,0,0.9919456984099573,0,0
run-20260224_070315-f3lurdlt,augustocsc/gpt2_base_infix_682k,nguyen_1,pure_ppo,,,fixed_0.7,standard,0.0,0,0.9854716957004959,0,0
run-20260224_070406-y283abkc,augustocsc/gpt2_base_infix_682k,nguyen_1,pure_ppo,,,fixed_0.7,standard,0.01,0,0.9855856342782864,0,0
run-20260224_070457-y6168ljk,augustocsc/gpt2_base_infix_682k,nguyen_1,pure_ppo,,,fixed_0.7,standard,0.05,0,0.984423722713481,0,0
run-20260224_070548-870fdw26,augustocsc/gpt2_base_infix_682k,nguyen_1,pure_ppo,,,fixed_0.7,standard,0.1,0,0.9794382204143601,0,0
run-20260224_070639-3cvxtq64,augustocsc/gpt2_base_infix_682k,nguyen_1,pure_ppo,,,fixed_0.9,distractor,0.0,0,0.9753837318398629,0,0
run-20260224_070758-rwmxhcfj,augustocsc/gpt2_base_infix_682k,nguyen_1,pure_ppo,,,fixed_0.9,distractor,0.01,0,0.9437100681069629,0,0
run-20260224_070939-dhmeowmw,augustocsc/gpt2_base_infix_682k,nguyen_1,pure_ppo,,,fixed_0.9,distractor,0.05,0,0.9027153517257682,0,0
run-20260224_071150-oht390zq,augustocsc/gpt2_base_infix_682k,nguyen_1,pure_ppo,,,fixed_0.9,distractor,0.1,0,0.9563772796789908,0,0
run-20260224_071255-zysjelk8,augustocsc/gpt2_base_infix_682k,nguyen_1,pure_ppo,,,fixed_0.9,oracle,0.0,0,1.0,0,0
run-20260224_071427-5xllphae,augustocsc/gpt2_base_infix_682k,nguyen_1,pure_ppo,,,fixed_0.9,oracle,0.01,0,0.9999174329533496,0,0
run-20260224_071630-jfbaw2zb,augustocsc/gpt2_base_infix_682k,nguyen_1,pure_ppo,,,fixed_0.9,oracle,0.05,0,0.9979553279388851,0,0
run-20260224_071809-3lzqizvt,augustocsc/gpt2_base_infix_682k,nguyen_1,pure_ppo,,,fixed_0.9,oracle,0.1,0,0.9919456984099573,0,0
run-20260224_071958-ed6m86hk,augustocsc/gpt2_base_infix_682k,nguyen_1,pure_ppo,,,fixed_0.9,standard,0.0,0,0.9549239462580235,0,0
run-20260224_072105-4sy2rhso,augustocsc/gpt2_base_infix_682k,nguyen_1,pure_ppo,,,fixed_0.9,standard,0.01,0,0.9549032165419136,0,0
run-20260224_072212-lbm116v0,augustocsc/gpt2_base_infix_682k,nguyen_1,pure_ppo,,,fixed_0.9,standard,0.05,0,0.9532583108685307,0,0
run-20260224_072319-w3c82ydu,augustocsc/gpt2_base_infix_682k,nguyen_1,pure_ppo,,,fixed_0.9,standard,0.1,0,0.9477953505650748,0,0
run-20260224_072426-4hz6dode,augustocsc/gpt2_base_infix_682k,nguyen_1,pure_ppo,,,linear_annealing,distractor,0.0,0,0.9569000870708742,0,0
run-20260224_072557-52mqlgtr,augustocsc/gpt2_base_infix_682k,nguyen_1,pure_ppo,,,linear_annealing,distractor,0.01,0,0.828092706861678,0,0
run-20260224_072736-u0rbhv5c,augustocsc/gpt2_base_infix_682k,nguyen_1,pure_ppo,,,linear_annealing,distractor,0.05,0,0.6575965940594326,0,0
run-20260224_072917-dh6ofq4l,augustocsc/gpt2_base_infix_682k,nguyen_1,pure_ppo,,,linear_annealing,distractor,0.1,0,0.8063346299477034,0,0
run-20260224_073055-eaitym3k,augustocsc/gpt2_base_infix_682k,nguyen_1,pure_ppo,,,linear_annealing,oracle,0.0,0,1.0,0,0
run-20260224_073205-0xta7cby,augustocsc/gpt2_base_infix_682k,nguyen_1,pure_ppo,,,linear_annealing,oracle,0.01,0,0.9999174329533496,0,0
run-20260224_073326-na3xkjn4,augustocsc/gpt2_base_infix_682k,nguyen_1,pure_ppo,,,linear_annealing,oracle,0.05,0,0.9634635979629163,0,0
run-20260224_073434-wzffepah,augustocsc/gpt2_base_infix_682k,nguyen_1,pure_ppo,,,linear_annealing,oracle,0.1,0,0.9919456984099573,0,0
run-20260224_073554-gqus69v4,augustocsc/gpt2_base_infix_682k,nguyen_1,pure_ppo,,,linear_annealing,standard,0.0,0,0.9825167603266747,0,0
run-20260224_073653-rbdi1yxu,augustocsc/gpt2_base_infix_682k,nguyen_1,pure_ppo,,,linear_annealing,standard,0.01,0,0.9822227042513996,0,0
run-20260224_073752-hk3vg975,augustocsc/gpt2_base_infix_682k,nguyen_1,pure_ppo,,,linear_annealing,standard,0.05,0,0.9794528599831677,0,0
run-20260224_073851-eqj9i613,augustocsc/gpt2_base_infix_682k,nguyen_1,pure_ppo,,,linear_annealing,standard,0.1,0,0.972524494171433,0,0
run-20260224_073951-ddk25966,augustocsc/gpt2_base_infix_682k,nguyen_1,pure_ppo,,,cosine_annealing,distractor,0.0,0,0.8640549414034319,0,0
run-20260224_074059-p5o8nuyh,augustocsc/gpt2_base_infix_682k,nguyen_1,pure_ppo,,,cosine_annealing,distractor,0.01,0,0.391481466672037,0,0
run-20260224_074213-cz69bw4p,augustocsc/gpt2_base_infix_682k,nguyen_1,pure_ppo,,,cosine_annealing,distractor,0.05,0,0.9430090391404502,0,0
run-20260224_074439-ddm7k169,augustocsc/gpt2_base_infix_682k,nguyen_1,pure_ppo,,,cosine_annealing,distractor,0.1,0,0.8310386569203216,0,0
run-20260224_074618-o065ea4z,augustocsc/gpt2_base_infix_682k,nguyen_1,pure_ppo,,,cosine_annealing,oracle,0.0,0,1.0,0,0
run-20260224_074718-8uzg0r3s,augustocsc/gpt2_base_infix_682k,nguyen_1,pure_ppo,,,cosine_annealing,oracle,0.01,0,0.9999174329533496,0,0
run-20260224_074827-v7fnunfi,augustocsc/gpt2_base_infix_682k,nguyen_1,pure_ppo,,,cosine_annealing,oracle,0.05,0,0.9979553279388851,0,0
run-20260224_074936-r7q52wvh,augustocsc/gpt2_base_infix_682k,nguyen_1,pure_ppo,,,cosine_annealing,oracle,0.1,0,0.9919456984099573,0,0
run-20260224_075036-ubvo6hqr,augustocsc/gpt2_base_infix_682k,nguyen_1,pure_ppo,,,cosine_annealing,standard,0.0,0,0.9182461398474316,0,0
run-20260224_075228-9w3owomr,augustocsc/gpt2_base_infix_682k,nguyen_1,pure_ppo,,,cosine_annealing,standard,0.01,0,0.9180450590593321,0,0
run-20260224_075419-pm5bqy26,augustocsc/gpt2_base_infix_682k,nguyen_1,pure_ppo,,,cosine_annealing,standard,0.05,0,0.9157464828740914,0,0
run-20260224_075612-azf29zkk,augustocsc/gpt2_base_infix_682k,nguyen_1,pure_ppo,,,cosine_annealing,standard,0.1,0,0.9096206513072941,0,0
run-20260224_075802-vjxxunps,augustocsc/gpt2_base_infix_682k,nguyen_1,pure_ppo,,,fixed_0.7,distractor,0.0,0,0.908388772479114,0,0
run-20260224_075913-iduh90ij,augustocsc/gpt2_base_infix_682k,nguyen_1,pure_ppo,,,fixed_0.7,distractor,0.01,0,0.9637708949250383,0,0
run-20260224_080015-8zbw8dwq,augustocsc/gpt2_base_infix_682k,nguyen_1,pure_ppo,,,fixed_0.7,distractor,0.05,0,0.9872417212809909,0,0
run-20260224_080126-fcsxwcno,augustocsc/gpt2_base_infix_682k,nguyen_1,pure_ppo,,,fixed_0.7,distractor,0.1,0,0.9196836007726626,0,0
run-20260224_080302-sa2t2whj,augustocsc/gpt2_base_infix_682k,nguyen_1,pure_ppo,,,fixed_0.7,oracle,0.0,0,0.9689276101629269,0,0
run-20260224_080423-pvwcw5ic,augustocsc/gpt2_base_infix_682k,nguyen_1,pure_ppo,,,fixed_0.7,oracle,0.01,0,0.9999174329533496,0,0
run-20260224_080530-gfmyxt25,augustocsc/gpt2_base_infix_682k,nguyen_1,pure_ppo,,,fixed_0.7,oracle,0.05,0,0.9979553279388851,0,0
run-20260224_080713-oce2jl3a,augustocsc/gpt2_base_infix_682k,nguyen_1,pure_ppo,,,fixed_0.7,oracle,0.1,0,0.9919456984099573,0,0
run-20260224_080906-u7sk7v0q,augustocsc/gpt2_base_infix_682k,nguyen_1,pure_ppo,,,fixed_0.7,standard,0.0,0,0.9854716957004959,0,0
run-20260224_080958-1vcfywl2,augustocsc/gpt2_base_infix_682k,nguyen_1,pure_ppo,,,fixed_0.7,standard,0.01,0,0.9855856342782864,0,0
run-20260224_081051-qj3ih00r,augustocsc/gpt2_base_infix_682k,nguyen_1,pure_ppo,,,fixed_0.7,standard,0.05,0,0.984423722713481,0,0
run-20260224_081143-l2s8pin4,augustocsc/gpt2_base_infix_682k,nguyen_1,pure_ppo,,,fixed_0.7,standard,0.1,0,0.9794382204143601,0,0
run-20260224_081235-cn56zxvv,augustocsc/gpt2_base_infix_682k,nguyen_1,pure_ppo,,,fixed_0.9,distractor,0.0,0,0.4937591135913325,0,0
run-20260224_081334-x936lr34,augustocsc/gpt2_base_infix_682k,nguyen_1,pure_ppo,,,fixed_0.9,distractor,0.01,0,0.4341935965963015,0,0
run-20260224_081435-g4l9h8we,augustocsc/gpt2_base_infix_682k,nguyen_1,pure_ppo,,,fixed_0.9,distractor,0.05,0,0.8435768753661549,0,0
run-20260224_081602-18kf7xtd,augustocsc/gpt2_base_infix_682k,nguyen_1,pure_ppo,,,fixed_0.9,distractor,0.1,0,0.8094480137426558,0,0
run-20260224_081716-u5pwf9vr,augustocsc/gpt2_base_infix_682k,nguyen_1,pure_ppo,,,fixed_0.9,oracle,0.0,0,1.0,0,0
run-20260224_081844-atua834x,augustocsc/gpt2_base_infix_682k,nguyen_1,pure_ppo,,,fixed_0.9,oracle,0.01,0,0.9999174329533496,0,0
run-20260224_082056-hlt55cun,augustocsc/gpt2_base_infix_682k,nguyen_1,pure_ppo,,,fixed_0.9,oracle,0.05,0,0.9979553279388851,0,0
run-20260224_082200-k31x8dxa,augustocsc/gpt2_base_infix_682k,nguyen_1,pure_ppo,,,fixed_0.9,oracle,0.1,0,0.9919456984099573,0,0
run-20260224_082343-hx7wzk91,augustocsc/gpt2_base_infix_682k,nguyen_1,pure_ppo,,,fixed_0.9,standard,0.0,0,0.9957376209566209,0,0
run-20260224_082523-vmqhx605,augustocsc/gpt2_base_infix_682k,nguyen_1,pure_ppo,,,fixed_0.9,standard,0.01,0,0.9955977593549694,0,0
run-20260224_082701-anuu3uv1,augustocsc/gpt2_base_infix_682k,nguyen_1,pure_ppo,,,fixed_0.9,standard,0.05,0,0.9934160642114969,0,0
run-20260224_082844-z9rnve7r,augustocsc/gpt2_base_infix_682k,nguyen_1,pure_ppo,,,fixed_0.9,standard,0.1,0,0.9871549135635846,0,0
run-20260224_083021-2hnrzn3w,augustocsc/gpt2_base_infix_682k,nguyen_1,pure_ppo,,,linear_annealing,distractor,0.0,0,0.7201150536310459,0,0
run-20260224_083201-klau71cg,augustocsc/gpt2_base_infix_682k,nguyen_1,pure_ppo,,,linear_annealing,distractor,0.01,0,0.435041284045642,0,0
run-20260224_083323-ad8lp5kg,augustocsc/gpt2_base_infix_682k,nguyen_1,pure_ppo,,,linear_annealing,distractor,0.05,0,0.8561730766198651,0,0
run-20260224_083523-z1s9wmhw,augustocsc/gpt2_base_infix_682k,nguyen_1,pure_ppo,,,linear_annealing,distractor,0.1,0,0.2643095130136335,0,0
run-20260224_083630-sf6zmmcm,augustocsc/gpt2_base_infix_682k,nguyen_1,pure_ppo,,,linear_annealing,oracle,0.0,0,1.0,0,0
run-20260224_083743-crs4ejio,augustocsc/gpt2_base_infix_682k,nguyen_1,pure_ppo,,,linear_annealing,oracle,0.01,0,0.9669255057888847,0,0
run-20260224_083847-nvzve98u,augustocsc/gpt2_base_infix_682k,nguyen_1,pure_ppo,,,linear_annealing,oracle,0.05,0,0.9979553279388851,0,0
run-20260224_084005-sr5rj7du,augustocsc/gpt2_base_infix_682k,nguyen_1,pure_ppo,,,linear_annealing,oracle,0.1,0,0.9919456984099573,0,0
run-20260224_084134-4r4qq2cq,augustocsc/gpt2_base_infix_682k,nguyen_1,pure_ppo,,,linear_annealing,standard,0.0,0,0.9836026740471949,0,0
run-20260224_084402-aal16gxu,augustocsc/gpt2_base_infix_682k,nguyen_1,pure_ppo,,,linear_annealing,standard,0.01,0,0.983616275189806,0,0
run-20260224_084635-porzq51m,augustocsc/gpt2_base_infix_682k,nguyen_1,pure_ppo,,,linear_annealing,standard,0.05,0,0.9820607716321068,0,0
run-20260224_084908-udjq7frt,augustocsc/gpt2_base_infix_682k,nguyen_1,pure_ppo,,,linear_annealing,standard,0.1,0,0.9766037926043901,0,0
run-20260224_085139-shygy14f,augustocsc/gpt2_base_infix_682k,nguyen_1,pure_ppo,,,cosine_annealing,distractor,0.0,0,0.9213631797764092,0,0
run-20260224_085325-izcuxdur,augustocsc/gpt2_base_infix_682k,nguyen_1,pure_ppo,,,cosine_annealing,distractor,0.01,0,0.6956128715785987,0,0
run-20260224_085432-yl4wwaa9,augustocsc/gpt2_base_infix_682k,nguyen_1,pure_ppo,,,cosine_annealing,distractor,0.05,0,0.3114694503901162,0,0
run-20260224_085525-r4ryvrts,augustocsc/gpt2_base_infix_682k,nguyen_1,pure_ppo,,,cosine_annealing,distractor,0.1,0,0.8129777209545784,0,0
run-20260224_085630-po5qfedy,augustocsc/gpt2_base_infix_682k,nguyen_1,pure_ppo,,,cosine_annealing,oracle,0.0,0,1.0,0,0
run-20260224_085749-mmcqfpm1,augustocsc/gpt2_base_infix_682k,nguyen_1,pure_ppo,,,cosine_annealing,oracle,0.01,0,0.9687923930290403,0,0
run-20260224_085850-ho6kp4g2,augustocsc/gpt2_base_infix_682k,nguyen_1,pure_ppo,,,cosine_annealing,oracle,0.05,0,0.9979553279388851,0,0
run-20260224_085949-0j3s2ykj,augustocsc/gpt2_base_infix_682k,nguyen_1,pure_ppo,,,cosine_annealing,oracle,0.1,0,0.9919456984099573,0,0
run-20260224_090058-574x8dg6,augustocsc/gpt2_base_infix_682k,nguyen_1,pure_ppo,,,cosine_annealing,standard,0.0,0,0.9825167603266747,0,0
run-20260224_090156-rklgeysy,augustocsc/gpt2_base_infix_682k,nguyen_1,pure_ppo,,,cosine_annealing,standard,0.01,0,0.9822227042513996,0,0
run-20260224_090253-1n0udir4,augustocsc/gpt2_base_infix_682k,nguyen_1,pure_ppo,,,cosine_annealing,standard,0.05,0,0.9794528599831677,0,0
run-20260224_090352-2no35qpq,augustocsc/gpt2_base_infix_682k,nguyen_1,pure_ppo,,,cosine_annealing,standard,0.1,0,0.972524494171433,0,0
run-20260224_090451-zri4f63r,augustocsc/gpt2_base_infix_682k,nguyen_1,pure_ppo,,,fixed_0.7,distractor,0.0,0,0.6614511202923832,0,0
run-20260224_090541-v4r74hbn,augustocsc/gpt2_base_infix_682k,nguyen_1,pure_ppo,,,fixed_0.7,distractor,0.01,0,0.5845962733479131,0,0
run-20260224_090648-ffzx9ue3,augustocsc/gpt2_base_infix_682k,nguyen_1,pure_ppo,,,fixed_0.7,distractor,0.05,0,0.7302080157271345,0,0
run-20260224_090736-9b2vmbz1,augustocsc/gpt2_base_infix_682k,nguyen_1,pure_ppo,,,fixed_0.7,distractor,0.1,0,0.787595811851156,0,0
run-20260224_090846-k0ob9dd2,augustocsc/gpt2_base_infix_682k,nguyen_1,pure_ppo,,,fixed_0.7,oracle,0.0,0,1.0,0,0
run-20260224_091014-7xtadxqv,augustocsc/gpt2_base_infix_682k,nguyen_1,pure_ppo,,,fixed_0.7,oracle,0.01,0,0.9999174329533496,0,0
run-20260224_091146-clvo2hlc,augustocsc/gpt2_base_infix_682k,nguyen_1,pure_ppo,,,fixed_0.7,oracle,0.05,0,0.9979553279388851,0,0
run-20260224_091314-gkqzvsxs,augustocsc/gpt2_base_infix_682k,nguyen_1,pure_ppo,,,fixed_0.7,oracle,0.1,0,0.9919456984099573,0,0
run-20260224_091425-5bs8qw0u,augustocsc/gpt2_base_infix_682k,nguyen_1,pure_ppo,,,fixed_0.7,standard,0.0,0,0.9854716957004959,0,0
run-20260224_091521-gsv8jiw4,augustocsc/gpt2_base_infix_682k,nguyen_1,pure_ppo,,,fixed_0.7,standard,0.01,0,0.9855856342782864,0,0
run-20260224_091615-pfjyji89,augustocsc/gpt2_base_infix_682k,nguyen_1,pure_ppo,,,fixed_0.7,standard,0.05,0,0.984423722713481,0,0
run-20260224_091711-pu62ah63,augustocsc/gpt2_base_infix_682k,nguyen_1,pure_ppo,,,fixed_0.7,standard,0.1,0,0.9794382204143601,0,0
run-20260224_091803-9enanobi,augustocsc/gpt2_base_infix_682k,nguyen_1,pure_ppo,,,fixed_0.9,distractor,0.01,0,0.9724024604217409,0,0
run-20260224_091931-y1pdag5z,augustocsc/gpt2_base_infix_682k,nguyen_1,pure_ppo,,,fixed_0.9,distractor,0.05,0,0.8111221436551107,0,0
run-20260224_092034-r8n5xvzf,augustocsc/gpt2_base_infix_682k,nguyen_1,pure_ppo,,,fixed_0.9,distractor,0.1,0,0.9585714263595918,0,0
run-20260224_092208-sh8mvet3,augustocsc/gpt2_base_infix_682k,nguyen_1,pure_ppo,,,fixed_0.9,oracle,0.01,0,0.9999174329533496,0,0
run-20260224_092345-f10zz9wz,augustocsc/gpt2_base_infix_682k,nguyen_1,pure_ppo,,,fixed_0.9,oracle,0.05,0,0.9979553279388851,0,0
run-20260224_092458-vaeoorg4,augustocsc/gpt2_base_infix_682k,nguyen_1,pure_ppo,,,fixed_0.9,oracle,0.1,0,0.9919456984099573,0,0
run-20260224_092601-qxn7pj8y,augustocsc/gpt2_base_infix_682k,nguyen_1,pure_ppo,,,fixed_0.9,standard,0.01,0,0.9549032165419136,0,0
run-20260224_092710-384e5luc,augustocsc/gpt2_base_infix_682k,nguyen_1,pure_ppo,,,fixed_0.9,standard,0.05,0,0.9532583108685307,0,0
run-20260224_092816-2kzuy9se,augustocsc/gpt2_base_infix_682k,nguyen_1,pure_ppo,,,fixed_0.9,standard,0.1,0,0.9477953505650748,0,0
run-20260224_092923-jeld783f,augustocsc/gpt2_base_infix_682k,nguyen_1,pure_ppo,,,linear_annealing,distractor,0.0,0,0.9593353038557345,0,0
run-20260224_093046-quriznan,augustocsc/gpt2_base_infix_682k,nguyen_1,pure_ppo,,,linear_annealing,distractor,0.01,0,0.3074649144724759,0,0
run-20260224_093146-lpdanms9,augustocsc/gpt2_base_infix_682k,nguyen_1,pure_ppo,,,linear_annealing,distractor,0.05,0,0.9065334070436741,0,0
run-20260224_093329-8dg5gvie,augustocsc/gpt2_base_infix_682k,nguyen_1,pure_ppo,,,linear_annealing,distractor,0.1,0,0.9757401161816888,0,0
run-20260224_093526-uz60ch9t,augustocsc/gpt2_base_infix_682k,nguyen_1,pure_ppo,,,linear_annealing,oracle,0.0,0,1.0,0,0
run-20260224_093707-nsmlzw14,augustocsc/gpt2_base_infix_682k,nguyen_1,pure_ppo,,,linear_annealing,oracle,0.01,0,0.9804388413766979,0,0
run-20260224_093842-y2y2sv4j,augustocsc/gpt2_base_infix_682k,nguyen_1,pure_ppo,,,linear_annealing,oracle,0.05,0,0.9979553279388851,0,0
run-20260224_093944-cq27wfx6,augustocsc/gpt2_base_infix_682k,nguyen_1,pure_ppo,,,linear_annealing,oracle,0.1,0,0.9605820179439213,0,0
run-20260224_094047-hxbyvppp,augustocsc/gpt2_base_infix_682k,nguyen_1,pure_ppo,,,linear_annealing,standard,0.0,0,0.9825167603266747,0,0
run-20260224_094145-zxqss596,augustocsc/gpt2_base_infix_682k,nguyen_1,pure_ppo,,,linear_annealing,standard,0.01,0,0.9822227042513996,0,0
run-20260224_094245-xxrog5nx,augustocsc/gpt2_base_infix_682k,nguyen_1,pure_ppo,,,linear_annealing,standard,0.05,0,0.9794528599831677,0,0
run-20260224_094343-5p8jdbaq,augustocsc/gpt2_base_infix_682k,nguyen_1,pure_ppo,,,linear_annealing,standard,0.1,0,0.972524494171433,0,0
run-20260224_094444-jcfeyisw,augustocsc/gpt2_base_infix_682k,nguyen_1,pure_ppo,,,cosine_annealing,distractor,0.0,0,0.9035280751355473,0,0
run-20260224_094628-ipbc9zqy,augustocsc/gpt2_base_infix_682k,nguyen_1,pure_ppo,,,cosine_annealing,distractor,0.01,0,0.960885998212559,0,0
run-20260224_094829-bj5uvegv,augustocsc/gpt2_base_infix_682k,nguyen_1,pure_ppo,,,cosine_annealing,distractor,0.05,0,0.7139217720050477,0,0
run-20260224_095017-0bnjxilv,augustocsc/gpt2_base_infix_682k,nguyen_1,pure_ppo,,,cosine_annealing,distractor,0.1,0,0.75775896652675,0,0
run-20260224_095131-nfturo27,augustocsc/gpt2_base_infix_682k,nguyen_1,pure_ppo,,,cosine_annealing,oracle,0.0,0,0.9645620157671827,0,0
run-20260224_095250-duyqgfqa,augustocsc/gpt2_base_infix_682k,nguyen_1,pure_ppo,,,cosine_annealing,oracle,0.01,0,0.9999174329533496,0,0
run-20260224_095359-duvtq5zi,augustocsc/gpt2_base_infix_682k,nguyen_1,pure_ppo,,,cosine_annealing,oracle,0.05,0,0.9979553279388851,0,0
run-20260224_095517-fjtapeun,augustocsc/gpt2_base_infix_682k,nguyen_1,pure_ppo,,,cosine_annealing,oracle,0.1,0,0.9919456984099573,0,0
run-20260224_095626-kmla4357,augustocsc/gpt2_base_infix_682k,nguyen_1,pure_ppo,,,cosine_annealing,standard,0.0,0,0.9615173203588749,0,0
run-20260224_095858-r2anglf0,augustocsc/gpt2_base_infix_682k,nguyen_1,pure_ppo,,,cosine_annealing,standard,0.01,0,0.9180450590593321,0,0
run-20260224_100049-tole0cjl,augustocsc/gpt2_base_infix_682k,nguyen_1,pure_ppo,,,cosine_annealing,standard,0.05,0,0.9157464828740914,0,0
run-20260224_100243-phdakhbm,augustocsc/gpt2_base_infix_682k,nguyen_1,pure_ppo,,,cosine_annealing,standard,0.1,0,0.9096206513072941,0,0
run-20260224_100435-77vkkbwd,augustocsc/gpt2_base_infix_682k,nguyen_1,pure_ppo,,,fixed_0.7,distractor,0.0,0,0.9035280751355473,0,0
run-20260224_100611-34iwmfuu,augustocsc/gpt2_base_infix_682k,nguyen_1,pure_ppo,,,fixed_0.7,distractor,0.01,0,0.40134290069571077,0,0
run-20260224_100710-s7xlfid5,augustocsc/gpt2_base_infix_682k,nguyen_1,pure_ppo,,,fixed_0.7,distractor,0.05,0,0.5602518488480215,0,0
run-20260224_100816-3ckn9ux9,augustocsc/gpt2_base_infix_682k,nguyen_1,pure_ppo,,,fixed_0.7,distractor,0.1,0,0.6323909090251765,0,0
run-20260224_100936-q8ws9562,augustocsc/gpt2_base_infix_682k,nguyen_1,pure_ppo,,,fixed_0.7,oracle,0.0,0,0.9427367305806618,0,0
run-20260224_101115-f1wasfpg,augustocsc/gpt2_base_infix_682k,nguyen_1,pure_ppo,,,fixed_0.7,oracle,0.01,0,0.9215720745897404,0,0
run-20260224_101216-y28335xu,augustocsc/gpt2_base_infix_682k,nguyen_1,pure_ppo,,,fixed_0.7,oracle,0.05,0,0.9979553279388851,0,0
run-20260224_101330-zddo3eh5,augustocsc/gpt2_base_infix_682k,nguyen_1,pure_ppo,,,fixed_0.7,oracle,0.1,0,0.9919456984099573,0,0
run-20260224_101458-bfkbt4iq,augustocsc/gpt2_base_infix_682k,nguyen_1,pure_ppo,,,fixed_0.7,standard,0.0,0,0.9854716957004959,0,0
run-20260224_101551-3suuwwiu,augustocsc/gpt2_base_infix_682k,nguyen_1,pure_ppo,,,fixed_0.7,standard,0.01,0,0.9855856342782864,0,0
run-20260224_101647-rigtnyso,augustocsc/gpt2_base_infix_682k,nguyen_1,pure_ppo,,,fixed_0.7,standard,0.05,0,0.984423722713481,0,0
run-20260224_101741-kgwpmqey,augustocsc/gpt2_base_infix_682k,nguyen_1,pure_ppo,,,fixed_0.7,standard,0.1,0,0.9794382204143601,0,0
run-20260224_101836-bq4w5079,augustocsc/gpt2_base_infix_682k,nguyen_1,pure_ppo,,,fixed_0.9,distractor,0.0,0,0.9093305434250442,0,0
run-20260224_101949-vtk6xeoa,augustocsc/gpt2_base_infix_682k,nguyen_1,pure_ppo,,,fixed_0.9,distractor,0.01,0,0.9691256546327788,0,0
run-20260224_102131-e19f6okz,augustocsc/gpt2_base_infix_682k,nguyen_1,pure_ppo,,,fixed_0.9,distractor,0.05,0,0.9006658053300646,0,0
run-20260224_102255-7qyw2u6e,augustocsc/gpt2_base_infix_682k,nguyen_1,pure_ppo,,,fixed_0.9,distractor,0.1,0,0.7875108555288017,0,0
run-20260224_102403-1tq01gf1,augustocsc/gpt2_base_infix_682k,nguyen_1,pure_ppo,,,fixed_0.9,oracle,0.0,0,0.9803419088422382,0,0
run-20260224_102549-7uxp7khr,augustocsc/gpt2_base_infix_682k,nguyen_1,pure_ppo,,,fixed_0.9,oracle,0.01,0,0.9999174329533496,0,0
run-20260224_102704-sobn84bi,augustocsc/gpt2_base_infix_682k,nguyen_1,pure_ppo,,,fixed_0.9,oracle,0.05,0,0.9979553279388851,0,0
run-20260224_102818-gueox28z,augustocsc/gpt2_base_infix_682k,nguyen_1,pure_ppo,,,fixed_0.9,oracle,0.1,0,0.9919456984099573,0,0
run-20260224_102930-cq3ulqsj,augustocsc/gpt2_base_infix_682k,nguyen_1,pure_ppo,,,fixed_0.9,standard,0.0,0,0.9961191401077963,0,0
run-20260224_103036-fosstqa0,augustocsc/gpt2_base_infix_682k,nguyen_1,pure_ppo,,,fixed_0.9,standard,0.01,0,0.9958614516278496,0,0
run-20260224_103142-93n3edc2,augustocsc/gpt2_base_infix_682k,nguyen_1,pure_ppo,,,fixed_0.9,standard,0.05,0,0.9932133996873098,0,0
run-20260224_103247-h8zf0z7x,augustocsc/gpt2_base_infix_682k,nguyen_1,pure_ppo,,,fixed_0.9,standard,0.1,0,0.9863843182249303,0,0
run-20260224_103351-16kenxj7,augustocsc/gpt2_base_infix_682k,nguyen_1,pure_ppo,,,linear_annealing,distractor,0.0,0,0.9645620157671827,0,0
run-20260224_103459-8leehwp5,augustocsc/gpt2_base_infix_682k,nguyen_1,pure_ppo,,,linear_annealing,distractor,0.01,0,0.6956340895567467,0,0
run-20260224_103611-9f7k6wf0,augustocsc/gpt2_base_infix_682k,nguyen_1,pure_ppo,,,linear_annealing,distractor,0.05,0,0.312249264860722,0,0
run-20260224_103736-fsmcr9zf,augustocsc/gpt2_base_infix_682k,nguyen_1,pure_ppo,,,linear_annealing,distractor,0.1,0,0.36618604804779986,0,0
run-20260224_103902-uetklyyp,augustocsc/gpt2_base_infix_682k,nguyen_1,pure_ppo,,,linear_annealing,oracle,0.0,0,1.0,0,0
run-20260224_104014-x3g49y3n,augustocsc/gpt2_base_infix_682k,nguyen_1,pure_ppo,,,linear_annealing,oracle,0.01,0,0.9999174329533496,0,0
run-20260224_104135-2xf32skm,augustocsc/gpt2_base_infix_682k,nguyen_1,pure_ppo,,,linear_annealing,oracle,0.05,0,0.9979553279388851,0,0
run-20260224_104253-sid96c34,augustocsc/gpt2_base_infix_682k,nguyen_1,pure_ppo,,,linear_annealing,oracle,0.1,0,0.9919456984099573,0,0
run-20260224_104448-4q2apijf,augustocsc/gpt2_base_infix_682k,nguyen_1,pure_ppo,,,linear_annealing,standard,0.0,0,0.9836026740471949,0,0
run-20260224_104716-qbixc6aa,augustocsc/gpt2_base_infix_682k,nguyen_1,pure_ppo,,,linear_annealing,standard,0.01,0,0.960885998212559,0,0
run-20260224_104945-ehmhvo8j,augustocsc/gpt2_base_infix_682k,nguyen_1,pure_ppo,,,linear_annealing,standard,0.05,0,0.9568169253754695,0,0
run-20260224_105212-8lpbphlt,augustocsc/gpt2_base_infix_682k,nguyen_1,pure_ppo,,,linear_annealing,standard,0.1,0,0.948385308163312,0,0
run-20260224_105439-ir4wt2zv,augustocsc/gpt2_base_infix_682k,nguyen_1,pure_ppo,,,cosine_annealing,distractor,0.0,0,0.4782852745168179,0,0
run-20260224_105538-46xpj2gj,augustocsc/gpt2_base_infix_682k,nguyen_1,pure_ppo,,,cosine_annealing,distractor,0.01,0,0.980001300379959,0,0
run-20260224_105706-8v30fkm7,augustocsc/gpt2_base_infix_682k,nguyen_1,pure_ppo,,,cosine_annealing,distractor,0.05,0,0.3695054988465405,0,0
run-20260224_105804-amay4s61,augustocsc/gpt2_base_infix_682k,nguyen_1,pure_ppo,,,cosine_annealing,distractor,0.1,0,0.33240414911473626,0,0
run-20260224_105905-shgja97b,augustocsc/gpt2_base_infix_682k,nguyen_1,pure_ppo,,,cosine_annealing,oracle,0.0,0,0.9689276101629269,0,0
run-20260224_110006-tk7m9h07,augustocsc/gpt2_base_infix_682k,nguyen_1,pure_ppo,,,cosine_annealing,oracle,0.01,0,0.9646589533594127,0,0
run-20260224_110114-gozs0bvp,augustocsc/gpt2_base_infix_682k,nguyen_1,pure_ppo,,,cosine_annealing,oracle,0.05,0,0.9979553279388851,0,0
run-20260224_110230-cedqn2pt,augustocsc/gpt2_base_infix_682k,nguyen_1,pure_ppo,,,cosine_annealing,oracle,0.1,0,0.9741792423970366,0,0
run-20260224_110404-csyhq82v,augustocsc/gpt2_base_infix_682k,nguyen_1,pure_ppo,,,cosine_annealing,standard,0.0,0,0.9566180781874087,0,0
run-20260224_110504-rkgs3csq,augustocsc/gpt2_base_infix_682k,nguyen_1,pure_ppo,,,cosine_annealing,standard,0.01,0,0.9564886371726498,0,0
run-20260224_110600-bgv431dk,augustocsc/gpt2_base_infix_682k,nguyen_1,pure_ppo,,,cosine_annealing,standard,0.05,0,0.954411287259348,0,0
run-20260224_110700-nxz9tyzy,augustocsc/gpt2_base_infix_682k,nguyen_1,pure_ppo,,,cosine_annealing,standard,0.1,0,0.9484168982956963,0,0
run-20260224_110756-whea17xw,augustocsc/gpt2_base_infix_682k,nguyen_1,pure_ppo,,,fixed_0.7,distractor,0.0,0,0.6072387682521039,0,0
run-20260224_110847-dfxi89v7,augustocsc/gpt2_base_infix_682k,nguyen_1,pure_ppo,,,fixed_0.7,distractor,0.01,0,0.6023505144957209,0,0
run-20260224_110952-dd0zooju,augustocsc/gpt2_base_infix_682k,nguyen_1,pure_ppo,,,fixed_0.7,distractor,0.05,0,0.5958435040580075,0,0
run-20260224_111040-l7vg3ikz,augustocsc/gpt2_base_infix_682k,nguyen_1,pure_ppo,,,fixed_0.7,distractor,0.1,0,0.8226523549366844,0,0
run-20260224_111156-mxh5b9da,augustocsc/gpt2_base_infix_682k,nguyen_1,pure_ppo,,,fixed_0.7,oracle,0.0,0,1.0,0,0
run-20260224_111526-dlrvhen3,augustocsc/gpt2_base_infix_682k,nguyen_1,pure_ppo,,,fixed_0.7,oracle,0.01,0,0.9999174329533496,0,0
run-20260224_111621-tajtoj7x,augustocsc/gpt2_base_infix_682k,nguyen_1,pure_ppo,,,fixed_0.7,oracle,0.05,0,0.9979553279388851,0,0
run-20260224_111724-p34iu7bg,augustocsc/gpt2_base_infix_682k,nguyen_1,pure_ppo,,,fixed_0.7,oracle,0.1,0,0.9919456984099573,0,0
run-20260224_111907-srx9v59j,augustocsc/gpt2_base_infix_682k,nguyen_1,pure_ppo,,,fixed_0.7,standard,0.0,0,0.9836026740471949,0,0
run-20260224_112003-45mct9p0,augustocsc/gpt2_base_infix_682k,nguyen_1,pure_ppo,,,fixed_0.7,standard,0.01,0,0.983616275189806,0,0
run-20260224_112058-5ryelpwy,augustocsc/gpt2_base_infix_682k,nguyen_1,pure_ppo,,,fixed_0.7,standard,0.05,0,0.9820607716321068,0,0
run-20260224_112152-dmkjh8y1,augustocsc/gpt2_base_infix_682k,nguyen_1,pure_ppo,,,fixed_0.7,standard,0.1,0,0.9766037926043901,0,0
run-20260224_112245-b0qmje7l,augustocsc/gpt2_base_infix_682k,nguyen_1,pure_ppo,,,fixed_0.9,distractor,0.0,0,0.9940742824739108,0,0
run-20260224_112352-ovssi5km,augustocsc/gpt2_base_infix_682k,nguyen_1,pure_ppo,,,fixed_0.9,distractor,0.01,0,0.6097459228999698,0,0
run-20260224_112455-q2mw2ij5,augustocsc/gpt2_base_infix_682k,nguyen_1,pure_ppo,,,fixed_0.9,distractor,0.05,0,0.4729914419769824,0,0
run-20260224_112553-j5rmas26,augustocsc/gpt2_base_infix_682k,nguyen_1,pure_ppo,,,fixed_0.9,distractor,0.1,0,0.472799553380563,0,0
run-20260224_112653-yp4l1l85,augustocsc/gpt2_base_infix_682k,nguyen_1,pure_ppo,,,fixed_0.9,oracle,0.0,0,1.0,0,0
run-20260224_112839-tomtu33y,augustocsc/gpt2_base_infix_682k,nguyen_1,pure_ppo,,,fixed_0.9,oracle,0.01,0,0.9999174329533496,0,0
run-20260224_112951-cz7dg6e6,augustocsc/gpt2_base_infix_682k,nguyen_1,pure_ppo,,,fixed_0.9,oracle,0.05,0,0.9979553279388851,0,0
run-20260224_113120-o2oglgzf,augustocsc/gpt2_base_infix_682k,nguyen_1,pure_ppo,,,fixed_0.9,oracle,0.1,0,0.9919456984099573,0,0
run-20260224_113253-da7dxlm8,augustocsc/gpt2_base_infix_682k,nguyen_1,pure_ppo,,,fixed_0.9,standard,0.0,0,0.9818493917508716,0,0
run-20260224_113359-0haujd1v,augustocsc/gpt2_base_infix_682k,nguyen_1,pure_ppo,,,fixed_0.9,standard,0.01,0,0.9814639508321926,0,0
run-20260224_113505-ewhdgfyl,augustocsc/gpt2_base_infix_682k,nguyen_1,pure_ppo,,,fixed_0.9,standard,0.05,0,0.9783339620120374,0,0
run-20260224_113612-z7reccao,augustocsc/gpt2_base_infix_682k,nguyen_1,pure_ppo,,,fixed_0.9,standard,0.1,0,0.9709704536537871,0,0
run-20260224_113718-1kdzoa99,augustocsc/gpt2_base_infix_682k,nguyen_1,pure_ppo,,,linear_annealing,distractor,0.0,0,0.8284628708942252,0,0
run-20260224_113827-3fnm4ocf,augustocsc/gpt2_base_infix_682k,nguyen_1,pure_ppo,,,linear_annealing,distractor,0.01,0,0.8244759045114941,0,0
run-20260224_113935-4wlpxuw6,augustocsc/gpt2_base_infix_682k,nguyen_1,pure_ppo,,,linear_annealing,distractor,0.05,0,0.6572750276620545,0,0
run-20260224_114059-5a5irtoc,augustocsc/gpt2_base_infix_682k,nguyen_1,pure_ppo,,,linear_annealing,distractor,0.1,0,0.7762246261082932,0,0
run-20260224_114232-mm1j6mla,augustocsc/gpt2_base_infix_682k,nguyen_1,pure_ppo,,,linear_annealing,oracle,0.0,0,1.0,0,0
run-20260224_114335-sbhu3b4n,augustocsc/gpt2_base_infix_682k,nguyen_1,pure_ppo,,,linear_annealing,oracle,0.01,0,0.9999174329533496,0,0
run-20260224_114444-rm81f4ge,augustocsc/gpt2_base_infix_682k,nguyen_1,pure_ppo,,,linear_annealing,oracle,0.05,0,0.9979553279388851,0,0
run-20260224_114602-xffdx78g,augustocsc/gpt2_base_infix_682k,nguyen_1,pure_ppo,,,linear_annealing,oracle,0.1,0,0.9167146462258776,0,0
run-20260224_114702-hswufkuo,augustocsc/gpt2_base_infix_682k,nguyen_1,pure_ppo,,,linear_annealing,standard,0.0,0,0.9825167603266747,0,0
run-20260224_114800-p2n6swge,augustocsc/gpt2_base_infix_682k,nguyen_1,pure_ppo,,,linear_annealing,standard,0.01,0,0.9822227042513996,0,0
run-20260224_114858-sfatmozd,augustocsc/gpt2_base_infix_682k,nguyen_1,pure_ppo,,,linear_annealing,standard,0.05,0,0.9794528599831677,0,0
run-20260224_114956-gmyvbovj,augustocsc/gpt2_base_infix_682k,nguyen_1,pure_ppo,,,linear_annealing,standard,0.1,0,0.972524494171433,0,0
run-20260224_115055-9hbukoyb,augustocsc/gpt2_base_infix_682k,nguyen_1,pure_ppo,,,cosine_annealing,distractor,0.0,0,0.8319831568180241,0,0
run-20260224_115314-oydrhego,augustocsc/gpt2_base_infix_682k,nguyen_1,pure_ppo,,,cosine_annealing,distractor,0.01,0,0.9955977593549694,0,0
run-20260224_115429-j57c3mzo,augustocsc/gpt2_base_infix_682k,nguyen_1,pure_ppo,,,cosine_annealing,distractor,0.05,0,0.724867273319642,0,0
run-20260224_115617-shi1nomj,augustocsc/gpt2_base_infix_682k,nguyen_1,pure_ppo,,,cosine_annealing,distractor,0.1,0,0.5968205225459575,0,0
run-20260224_115754-6pu29ofl,augustocsc/gpt2_base_infix_682k,nguyen_1,pure_ppo,,,cosine_annealing,oracle,0.0,0,0.9803419088422382,0,0
run-20260224_115927-w5vf7aah,augustocsc/gpt2_base_infix_682k,nguyen_1,pure_ppo,,,cosine_annealing,oracle,0.01,0,0.9999174329533496,0,0
run-20260224_120109-8o8ll7sb,augustocsc/gpt2_base_infix_682k,nguyen_1,pure_ppo,,,cosine_annealing,oracle,0.05,0,0.9979553279388851,0,0
run-20260224_120220-h2mwwnhc,augustocsc/gpt2_base_infix_682k,nguyen_1,pure_ppo,,,cosine_annealing,oracle,0.1,0,0.9919456984099573,0,0
run-20260224_120523-23cor2rs,augustocsc/gpt2_base_infix_682k,nguyen_1,pure_ppo,,,cosine_annealing,standard,0.0,0,0.9182461398474316,0,0
run-20260224_120649-ikcq1wyf,augustocsc/gpt2_base_infix_682k,nguyen_1,pure_ppo,,,cosine_annealing,standard,0.01,0,0.9180450590593321,0,0
run-20260224_120817-d3ed3b6m,augustocsc/gpt2_base_infix_682k,nguyen_1,pure_ppo,,,cosine_annealing,standard,0.05,0,0.9157464828740914,0,0
run-20260224_120945-avitzpnq,augustocsc/gpt2_base_infix_682k,nguyen_1,pure_ppo,,,cosine_annealing,standard,0.1,0,0.9096206513072941,0,0
run-20260224_121113-snulngit,augustocsc/gpt2_base_infix_682k,nguyen_1,pure_ppo,,,fixed_0.7,distractor,0.0,0,0.9105516001410303,0,0
run-20260224_121214-hk4rt5ov,augustocsc/gpt2_base_infix_682k,nguyen_1,pure_ppo,,,fixed_0.7,distractor,0.01,0,0.7954741956325891,0,0
run-20260224_121324-79ce7aft,augustocsc/gpt2_base_infix_682k,nguyen_1,pure_ppo,,,fixed_0.7,distractor,0.05,0,0.8318057588675716,0,0
run-20260224_121426-g6xp5waw,augustocsc/gpt2_base_infix_682k,nguyen_1,pure_ppo,,,fixed_0.7,distractor,0.1,0,0.9741792423970366,0,0
run-20260224_121542-5f42woze,augustocsc/gpt2_base_infix_682k,nguyen_1,pure_ppo,,,fixed_0.7,oracle,0.0,0,0.9803419088422382,0,0
run-20260224_155050-14ba6rnj,augustocsc/gpt2_base_infix_682k,nguyen_1,pure_ppo,,,fixed_0.7,oracle,0.05,0,0.9979553279388851,0,0
run-20260224_155203-nugebc8m,augustocsc/gpt2_base_infix_682k,nguyen_1,pure_ppo,,,fixed_0.7,oracle,0.1,0,0.9919456984099573,0,0
run-20260224_155309-fch4cbv3,augustocsc/gpt2_base_infix_682k,nguyen_1,pure_ppo,,,fixed_0.7,standard,0.0,0,0.9854716957004959,0,0
run-20260224_155401-me6i24he,augustocsc/gpt2_base_infix_682k,nguyen_1,pure_ppo,,,fixed_0.7,standard,0.01,0,0.9855856342782864,0,0
run-20260224_155456-6lk8vnkj,augustocsc/gpt2_base_infix_682k,nguyen_1,pure_ppo,,,fixed_0.7,standard,0.05,0,0.984423722713481,0,0
run-20260224_155548-x6bzoy0y,augustocsc/gpt2_base_infix_682k,nguyen_1,pure_ppo,,,fixed_0.7,standard,0.1,0,0.9794382204143601,0,0
run-20260224_155642-4tzn7pv2,augustocsc/gpt2_base_infix_682k,nguyen_1,pure_ppo,,,fixed_0.9,distractor,0.0,0,0.8914896643978034,0,0
run-20260224_155804-oqduycdx,augustocsc/gpt2_base_infix_682k,nguyen_1,pure_ppo,,,fixed_0.9,distractor,0.01,0,0.8130305761758588,0,0
run-20260224_155919-1rsdty79,augustocsc/gpt2_base_infix_682k,nguyen_1,pure_ppo,,,fixed_0.9,distractor,0.05,0,0.9725828842562912,0,0
run-20260224_160049-7qjyogh5,augustocsc/gpt2_base_infix_682k,nguyen_1,pure_ppo,,,fixed_0.9,distractor,0.1,0,0.6683803675225708,0,0
run-20260224_160144-3986czs9,augustocsc/gpt2_base_infix_682k,nguyen_1,pure_ppo,,,fixed_0.9,oracle,0.0,0,1.0,0,0
run-20260224_160247-s0p1vqj1,augustocsc/gpt2_base_infix_682k,nguyen_1,pure_ppo,,,fixed_0.9,oracle,0.01,0,0.9999174329533496,0,0
run-20260224_160349-q5qnl09e,augustocsc/gpt2_base_infix_682k,nguyen_1,pure_ppo,,,fixed_0.9,oracle,0.05,0,0.9979553279388851,0,0
run-20260224_160516-ty0hdlpf,augustocsc/gpt2_base_infix_682k,nguyen_1,pure_ppo,,,fixed_0.9,oracle,0.1,0,0.9919456984099573,0,0
run-20260224_160635-pint2g79,augustocsc/gpt2_base_infix_682k,nguyen_1,pure_ppo,,,fixed_0.9,standard,0.0,0,0.9961191401077963,0,0
run-20260224_160746-9prmgxte,augustocsc/gpt2_base_infix_682k,nguyen_1,pure_ppo,,,fixed_0.9,standard,0.01,0,0.9958614516278496,0,0
run-20260224_160856-5fgzlecr,augustocsc/gpt2_base_infix_682k,nguyen_1,pure_ppo,,,fixed_0.9,standard,0.05,0,0.9932133996873098,0,0
run-20260224_161005-ags8dhv0,augustocsc/gpt2_base_infix_682k,nguyen_1,pure_ppo,,,fixed_0.9,standard,0.1,0,0.9863843182249303,0,0
run-20260224_161114-ivdalpmo,augustocsc/gpt2_base_infix_682k,nguyen_1,pure_ppo,,,linear_annealing,distractor,0.0,0,0.9228303009657961,0,0
run-20260224_161228-mnvqpldl,augustocsc/gpt2_base_infix_682k,nguyen_1,pure_ppo,,,linear_annealing,distractor,0.01,0,0.8641021533944331,0,0
run-20260224_161334-k4undood,augustocsc/gpt2_base_infix_682k,nguyen_1,pure_ppo,,,linear_annealing,distractor,0.05,0,0.4002692258273308,0,0
run-20260224_161448-xh0h1zzo,augustocsc/gpt2_base_infix_682k,nguyen_1,pure_ppo,,,linear_annealing,distractor,0.1,0,0.7045160045065239,0,0
run-20260224_161626-be3tq6su,augustocsc/gpt2_base_infix_682k,nguyen_1,pure_ppo,,,linear_annealing,oracle,0.0,0,0.9356807771993638,0,0
run-20260224_161735-6j7c1xgc,augustocsc/gpt2_base_infix_682k,nguyen_1,pure_ppo,,,linear_annealing,oracle,0.01,0,0.9999174329533496,0,0
run-20260224_161856-q829zr9l,augustocsc/gpt2_base_infix_682k,nguyen_1,pure_ppo,,,linear_annealing,oracle,0.05,0,0.9979553279388851,0,0
run-20260224_162013-pd6ylxft,augustocsc/gpt2_base_infix_682k,nguyen_1,pure_ppo,,,linear_annealing,oracle,0.1,0,0.9919456984099573,0,0
run-20260224_162120-u2wzu3qt,augustocsc/gpt2_base_infix_682k,nguyen_1,pure_ppo,,,linear_annealing,standard,0.0,0,0.9182461398474316,0,0
run-20260224_162250-fkpar4ny,augustocsc/gpt2_base_infix_682k,nguyen_1,pure_ppo,,,linear_annealing,standard,0.01,0,0.9180450590593321,0,0
run-20260224_162423-0gfo8xp3,augustocsc/gpt2_base_infix_682k,nguyen_1,pure_ppo,,,linear_annealing,standard,0.05,0,0.9157464828740914,0,0
