{"eval/steps_per_second":4.933,"train/loss":0.1242,"eval/runtime":10.1364,"_runtime":2680.101885157,"train_loss":0.13617316817432515,"total_flos":4.96471916150784e+16,"_wandb":{"runtime":2683},"_step":338,"train_steps_per_second":8.921,"eval/loss":0.5003876686096191,"train/global_step":23700,"eval/samples_per_second":156.565,"_timestamp":1.7464792479321287e+09,"train/epoch":100,"train/grad_norm":0.25603288412094116,"train_samples_per_second":285.096,"train_runtime":2656.65,"train/learning_rate":2.109704641350211e-09}